"DESCRIPTION","DURATION IN MS","NAME","PARENT SUITE","START TIME","STATUS","STOP TIME","SUB SUITE","SUITE","TEST CLASS","TEST METHOD"
"","3","given texte carb en majuscules puis en casse melangee when recherche then meme ensemble","","Fri Oct 09 22:29:51 UTC 2026","passed","Fri Oct 09 22:29:51 UTC 2026","","com.lop.budget.domain.usecase.transaction.SearchTransactionsTextTest","com.lop.budget.domain.usecase.transaction.SearchTransactionsTextTest",""
"","8","M-05b - given A active when on passe Paye et que la liste repond avant les choix then actualisation jusqu'aux choix puis A1 -3000","","Fri Oct 09 22:29:54 UTC 2026","passed","Fri Oct 09 22:29:54 UTC 2026","","com.lop.budget.ui.screens.monthly.MonthlyAnalysisStateTest","com.lop.budget.ui.screens.monthly.MonthlyAnalysisStateTest",""
"","0","givenMonthlySeriesStartedOn31st_whenGenerateOccurrences_thenClampedMonthDoesNotMoveTheAnchor_F04","","Fri Oct 09 22:29:45 UTC 2026","passed","Fri Oct 09 22:29:45 UTC 2026","","com.lop.budget.domain.RecurrenceEngineBoundsTest","com.lop.budget.domain.RecurrenceEngineBoundsTest",""
"","49","R-05 - marquer une transaction payee l'integre au solde","","Fri Oct 09 22:29:46 UTC 2026","passed","Fri Oct 09 22:29:46 UTC 2026","","com.lop.budget.domain.usecase.account.ObserveAccountBalancesRulesRoomTest","com.lop.budget.domain.usecase.account.ObserveAccountBalancesRulesRoomTest",""
"","14","S-19 - FUTURE nominal - ordre complet, migration diff, controle 999 intact","","Fri Oct 09 22:29:48 UTC 2026","passed","Fri Oct 09 22:29:48 UTC 2026","","com.lop.budget.domain.usecase.transaction.EditTransactionWithScopeUseCaseTest","com.lop.budget.domain.usecase.transaction.EditTransactionWithScopeUseCaseTest",""
"","30","R-02 - deux collectes successives sans ecriture laissent la base intacte","","Fri Oct 09 22:29:46 UTC 2026","passed","Fri Oct 09 22:29:46 UTC 2026","","com.lop.budget.domain.usecase.account.ObserveAccountBalancesRulesRoomTest","com.lop.budget.domain.usecase.account.ObserveAccountBalancesRulesRoomTest",""
"","3","given fenetre D1 D2 when filtre type EXPENSE then aucun revenu","","Fri Oct 09 22:29:51 UTC 2026","passed","Fri Oct 09 22:29:51 UTC 2026","","com.lop.budget.domain.usecase.transaction.SearchTransactionsFiltersTest","com.lop.budget.domain.usecase.transaction.SearchTransactionsFiltersTest",""
"","1","given texte present dans la seule note when recherche then exactement cette ligne","","Fri Oct 09 22:29:51 UTC 2026","passed","Fri Oct 09 22:29:51 UTC 2026","","com.lop.budget.domain.usecase.transaction.SearchTransactionsTextTest","com.lop.budget.domain.usecase.transaction.SearchTransactionsTextTest",""
"","33","R-06b - given E1 materialisee apres capture, when resolution, then Available de E1 sur le meme slot","","Fri Oct 09 22:29:51 UTC 2026","passed","Fri Oct 09 22:29:51 UTC 2026","","com.lop.budget.domain.usecase.transaction.RecurringOccurrencesContractRoomTest","com.lop.budget.domain.usecase.transaction.RecurringOccurrencesContractRoomTest",""
"","5","F-INCONNU - Given un identifiant d'edition absent - When le formulaire charge - Then isLoaded devient vrai","","Fri Oct 09 22:29:53 UTC 2026","passed","Fri Oct 09 22:29:53 UTC 2026","","com.lop.budget.ui.screens.category.CategoryViewModelTest","com.lop.budget.ui.screens.category.CategoryViewModelTest",""
"","1","given_capture_reelle_google_wallet_when_parse_then_commercant_et_carte_separes","","Fri Oct 09 22:29:52 UTC 2026","passed","Fri Oct 09 22:29:52 UTC 2026","","com.lop.budget.notifications.PaymentParsingTest","com.lop.budget.notifications.PaymentParsingTest",""
"","0","given une part et un tout en centimes when on formate la part then pourcentage a une decimale arrondi demi vers le haut[P-02 D-AVANT]","","Fri Oct 09 22:29:57 UTC 2026","passed","Fri Oct 09 22:29:57 UTC 2026","","com.lop.budget.util.AnalysisPercentTest","com.lop.budget.util.AnalysisPercentTest",""
"","10","M-06b - given premiere lecture when la lecture creee en second echoue then echec sans attente puis retry relit les memes criteres","","Fri Oct 09 22:29:54 UTC 2026","passed","Fri Oct 09 22:29:54 UTC 2026","","com.lop.budget.ui.screens.monthly.MonthlyAnalysisStateTest","com.lop.budget.ui.screens.monthly.MonthlyAnalysisStateTest",""
"","7","A-05b - Given aucun compte disponible - When save - Then la transaction est creee sans compte (CA-04)","","Fri Oct 09 22:29:55 UTC 2026","passed","Fri Oct 09 22:29:55 UTC 2026","","com.lop.budget.ui.screens.transaction.TransactionEditViewModelCreateTest","com.lop.budget.ui.screens.transaction.TransactionEditViewModelCreateTest",""
"","5","V-06 WEEKLY - given F hebdomadaire, when save, then une prelecture nulle, une sauvegarde, un callback","","Fri Oct 09 22:29:56 UTC 2026","passed","Fri Oct 09 22:29:56 UTC 2026","","com.lop.budget.ui.screens.transaction.TransactionMissingDayDecisionTest","com.lop.budget.ui.screens.transaction.TransactionMissingDayDecisionTest",""
"","58","V-02 USD - given S1 et devise USD when chargement reussi then la devise recue est transmise telle quelle","","Fri Oct 09 22:29:53 UTC 2026","passed","Fri Oct 09 22:29:53 UTC 2026","","com.lop.budget.ui.screens.accounts.AccountsStateTest","com.lop.budget.ui.screens.accounts.AccountsStateTest",""
"","6","T-07 - Given C-3 archive et exclu du total - When adjust vise 120 000 - Then l'ecriture a lieu sur ce compte","","Fri Oct 09 22:29:45 UTC 2026","passed","Fri Oct 09 22:29:45 UTC 2026","","com.lop.budget.domain.usecase.account.AdjustBalanceCreationTest","com.lop.budget.domain.usecase.account.AdjustBalanceCreationTest",""
"","21","R-06d - given E2 affichee le 28 fevrier, when resolution du virtuel capture, then Unavailable","","Fri Oct 09 22:29:51 UTC 2026","passed","Fri Oct 09 22:29:51 UTC 2026","","com.lop.budget.domain.usecase.transaction.RecurringOccurrencesContractRoomTest","com.lop.budget.domain.usecase.transaction.RecurringOccurrencesContractRoomTest",""
"","10","T-04 - Given deux corrections concurrentes vers 120 000 - When elles s'entrelacent entre lecture et ecriture - Then une seule ligne est ecrite","","Fri Oct 09 22:29:45 UTC 2026","passed","Fri Oct 09 22:29:45 UTC 2026","","com.lop.budget.domain.usecase.account.AdjustBalanceCreationTest","com.lop.budget.domain.usecase.account.AdjustBalanceCreationTest",""
"","8","A-06 - Given formulaire valide sans note ni tags - When save - Then une seule creation et onDone (CA-05)","","Fri Oct 09 22:29:55 UTC 2026","passed","Fri Oct 09 22:29:55 UTC 2026","","com.lop.budget.ui.screens.transaction.TransactionEditViewModelCreateTest","com.lop.budget.ui.screens.transaction.TransactionEditViewModelCreateTest",""
"","28","C-09 - Given series linked to both, When cancelled, Then both syncs follow writes independently","","Fri Oct 09 22:29:48 UTC 2026","passed","Fri Oct 09 22:29:48 UTC 2026","","com.lop.budget.domain.usecase.transaction.CancelRecurringSeriesUseCaseTest","com.lop.budget.domain.usecase.transaction.CancelRecurringSeriesUseCaseTest",""
"","26","N-04 - un slot supprime ne rend ni sa ligne ni une virtuelle regeneree","","Fri Oct 09 22:29:51 UTC 2026","passed","Fri Oct 09 22:29:51 UTC 2026","","com.lop.budget.domain.usecase.transaction.SearchTransactionsRoomTest","com.lop.budget.domain.usecase.transaction.SearchTransactionsRoomTest",""
"","0","givenMax3AndWindowCoveringSeriesStart_whenGenerateOccurrences_thenReturnsFirstThreeSlots_B06a","","Fri Oct 09 22:29:45 UTC 2026","passed","Fri Oct 09 22:29:45 UTC 2026","","com.lop.budget.domain.RecurrenceEngineBoundsTest","com.lop.budget.domain.RecurrenceEngineBoundsTest",""
"","4","S-03 - argument absent et ligne sans seriesDate - date de la ligne utilisee","","Fri Oct 09 22:29:48 UTC 2026","passed","Fri Oct 09 22:29:48 UTC 2026","","com.lop.budget.domain.usecase.transaction.EditTransactionWithScopeUseCaseTest","com.lop.budget.domain.usecase.transaction.EditTransactionWithScopeUseCaseTest",""
"","28","T-08 - Given deux series taguees differemment - When on observe la liste d'avril - Then chaque occurrence virtuelle porte les tags de sa serie sans rien ecrire (CA-16, I-7, I-8)","","Fri Oct 09 22:29:44 UTC 2026","passed","Fri Oct 09 22:29:44 UTC 2026","","com.lop.budget.data.repository.TransactionTagsPersistenceTest","com.lop.budget.data.repository.TransactionTagsPersistenceTest",""
"","5","S-08 - edition status prime sur le statut persiste","","Fri Oct 09 22:29:48 UTC 2026","passed","Fri Oct 09 22:29:48 UTC 2026","","com.lop.budget.domain.usecase.transaction.EditTransactionWithScopeUseCaseTest","com.lop.budget.domain.usecase.transaction.EditTransactionWithScopeUseCaseTest",""
"","5","V-01a - given devise EUR seule et soldes muets when on libere S1 then Loading jusque-la puis Loaded A, B, C total 8000","","Fri Oct 09 22:29:53 UTC 2026","passed","Fri Oct 09 22:29:53 UTC 2026","","com.lop.budget.ui.screens.accounts.AccountsStateTest","com.lop.budget.ui.screens.accounts.AccountsStateTest",""
"","44","given un objectif saisi when il est relu depuis la base then tous ses champs sont restitues","","Fri Oct 09 22:29:41 UTC 2026","passed","Fri Oct 09 22:29:41 UTC 2026","","com.lop.budget.data.repository.GoalLoanModelPersistenceTest","com.lop.budget.data.repository.GoalLoanModelPersistenceTest",""
"","0","B-09 - un solde en centimes ne s'affiche jamais 100 fois trop grand","","Fri Oct 09 22:29:57 UTC 2026","passed","Fri Oct 09 22:29:57 UTC 2026","","com.lop.budget.util.MoneyBoundaryTest","com.lop.budget.util.MoneyBoundaryTest",""
"","19","C-06 - Given Sante en base - When createTag SANTE en majuscules avec espaces - Then aucun tag cree et l'existant est selectionne (CA-06, I-2)","","Fri Oct 09 22:29:56 UTC 2026","passed","Fri Oct 09 22:29:56 UTC 2026","","com.lop.budget.ui.screens.transaction.TransactionTagCreationTest","com.lop.budget.ui.screens.transaction.TransactionTagCreationTest",""
"","21","R-04b - Given the punctual dataset with status PLANNED, When CreateTransactionUseCase runs, Then the row is persisted as PLANNED with paidAt null","","Fri Oct 09 22:29:38 UTC 2026","passed","Fri Oct 09 22:29:38 UTC 2026","","com.lop.budget.data.repository.CreateTransactionRepositoryTest","com.lop.budget.data.repository.CreateTransactionRepositoryTest",""
"","71","T-09a - Given trois transactions en v22 - When migration 22 vers 23 - Then aucune ligne perdue ni valeur modifiee (CA-09)","","Fri Oct 09 22:29:37 UTC 2026","passed","Fri Oct 09 22:29:37 UTC 2026","","com.lop.budget.data.local.PaymentCardMigrationTest","com.lop.budget.data.local.PaymentCardMigrationTest",""
"","21","given une proposition detectee when le formulaire est pre rempli then la date est celle de la detection et rien n est ecrit","","Fri Oct 09 22:29:50 UTC 2026","passed","Fri Oct 09 22:29:50 UTC 2026","","com.lop.budget.domain.usecase.transaction.ProposalDetectionDateTest","com.lop.budget.domain.usecase.transaction.ProposalDetectionDateTest",""
"","6","A-07a - Given formulaire valide - When deux save consecutifs - Then une seule creation (CA-10, I-2)","","Fri Oct 09 22:29:55 UTC 2026","passed","Fri Oct 09 22:29:55 UTC 2026","","com.lop.budget.ui.screens.transaction.TransactionEditViewModelCreateTest","com.lop.budget.ui.screens.transaction.TransactionEditViewModelCreateTest",""
"","0","given M-1234 when formate en USD then deux decimales et symbole dollar","","Fri Oct 09 22:29:57 UTC 2026","passed","Fri Oct 09 22:29:57 UTC 2026","","com.lop.budget.util.CurrencyFormattingTest","com.lop.budget.util.CurrencyFormattingTest",""
"","43","R-04 - une transaction planifiee persistee n'entre pas dans le solde","","Fri Oct 09 22:29:46 UTC 2026","passed","Fri Oct 09 22:29:46 UTC 2026","","com.lop.budget.domain.usecase.account.ObserveAccountBalancesRulesRoomTest","com.lop.budget.domain.usecase.account.ObserveAccountBalancesRulesRoomTest",""
"","36","E-03 - Given SINGLE with date move, When executed, Then date changes but seriesDate remains unchanged","","Fri Oct 09 22:29:43 UTC 2026","passed","Fri Oct 09 22:29:43 UTC 2026","","com.lop.budget.data.repository.RecurringEditionRepositoryTest","com.lop.budget.data.repository.RecurringEditionRepositoryTest",""
"","145","T-06 - Given C-2 avec deux lignes payees et une planifiee - When adjust vise 120 000 - Then l'ecart porte sur le solde paye","","Fri Oct 09 22:29:45 UTC 2026","passed","Fri Oct 09 22:29:45 UTC 2026","","com.lop.budget.domain.usecase.account.AdjustBalanceCreationTest","com.lop.budget.domain.usecase.account.AdjustBalanceCreationTest",""
"","10","T-05 - Given C-1 corrige vers 120 000 - When une seconde correction vise 115 000 - Then deux lignes distinctes coexistent","","Fri Oct 09 22:29:45 UTC 2026","passed","Fri Oct 09 22:29:45 UTC 2026","","com.lop.budget.domain.usecase.account.AdjustBalanceCreationTest","com.lop.budget.domain.usecase.account.AdjustBalanceCreationTest",""
"","1","given un fragment interne when recherche then correspondance par contenu et non par prefixe","","Fri Oct 09 22:29:45 UTC 2026","passed","Fri Oct 09 22:29:45 UTC 2026","","com.lop.budget.domain.model.CurrencyCatalogTest","com.lop.budget.domain.model.CurrencyCatalogTest",""
"","11","V-04g - given fevrier, when 28 unique selectionne et indisponible, then occurrence indisponible","","Fri Oct 09 22:29:53 UTC 2026","passed","Fri Oct 09 22:29:53 UTC 2026","","com.lop.budget.ui.screens.calendar.SeriesCalendarViewModelTest","com.lop.budget.ui.screens.calendar.SeriesCalendarViewModelTest",""
"","27","P-00 - Given the canonical data set, When observing the period, Then A B and punctual are merged without duplicate","","Fri Oct 09 22:29:42 UTC 2026","passed","Fri Oct 09 22:29:42 UTC 2026","","com.lop.budget.data.repository.RecurringDeletionRepositoryTest","com.lop.budget.data.repository.RecurringDeletionRepositoryTest",""
"","12","S-06 - Given une transaction sans tag - When ouverture en edition - Then aucun tag n'est preselectionne et les trois restent disponibles (CA-09)","","Fri Oct 09 22:29:57 UTC 2026","passed","Fri Oct 09 22:29:57 UTC 2026","","com.lop.budget.ui.screens.transaction.TransactionTagSelectionTest","com.lop.budget.ui.screens.transaction.TransactionTagSelectionTest",""
"","1","G-05 dernier jour - given M31 sans limite, when detection, then ancrage 31 et exemple 28 fevrier 2026","","Fri Oct 09 22:29:45 UTC 2026","passed","Fri Oct 09 22:29:45 UTC 2026","","com.lop.budget.domain.RecurrenceMissingDayTest","com.lop.budget.domain.RecurrenceMissingDayTest",""
"","27","O-01 - Given une base sans categorie - When on collecte l'observation - Then emission vide et table categories vide (CA-01)","","Fri Oct 09 22:29:46 UTC 2026","passed","Fri Oct 09 22:29:46 UTC 2026","","com.lop.budget.domain.usecase.category.CategoryCrudPersistenceTest","com.lop.budget.domain.usecase.category.CategoryCrudPersistenceTest",""
"","0","givenCancelledSeries_whenGenerateOccurrences_thenReturnsEmptyList_B10","","Fri Oct 09 22:29:45 UTC 2026","passed","Fri Oct 09 22:29:45 UTC 2026","","com.lop.budget.domain.RecurrenceEngineBoundsTest","com.lop.budget.domain.RecurrenceEngineBoundsTest",""
"","23","given une transaction sans compte when la liste est lue sans filtre then elle est visible","","Fri Oct 09 22:29:44 UTC 2026","passed","Fri Oct 09 22:29:44 UTC 2026","","com.lop.budget.data.repository.TransactionWithoutAccountTest","com.lop.budget.data.repository.TransactionWithoutAccountTest",""
"","0","B-04 - une saisie a trois decimales est arrondie half-up","","Fri Oct 09 22:29:57 UTC 2026","passed","Fri Oct 09 22:29:57 UTC 2026","","com.lop.budget.util.MoneyBoundaryTest","com.lop.budget.util.MoneyBoundaryTest",""
"","43","D-05a - l'annulation de la serie rend son virtuel introuvable sans toucher au ponctuel","","Fri Oct 09 22:29:48 UTC 2026","passed","Fri Oct 09 22:29:49 UTC 2026","","com.lop.budget.domain.usecase.transaction.ObserveTransactionDetailRoomTest","com.lop.budget.domain.usecase.transaction.ObserveTransactionDetailRoomTest",""
"","4","A-03 - Given formulaire EXPENSE renseigne - When setType INCOME - Then titre et montant conserves et categorie videe (CA-03)","","Fri Oct 09 22:29:55 UTC 2026","passed","Fri Oct 09 22:29:55 UTC 2026","","com.lop.budget.ui.screens.transaction.TransactionEditViewModelCreateTest","com.lop.budget.ui.screens.transaction.TransactionEditViewModelCreateTest",""
"","55","A-01 - togglePaid sur occurrence PLANNED - seul status passe a PAID","","Fri Oct 09 22:29:52 UTC 2026","passed","Fri Oct 09 22:29:52 UTC 2026","","com.lop.budget.ui.common.TransactionActionViewModelEditMappingTest","com.lop.budget.ui.common.TransactionActionViewModelEditMappingTest",""
"","28","E-00 - Given the canonical data set, When observing, Then JDD is present and unique","","Fri Oct 09 22:29:43 UTC 2026","passed","Fri Oct 09 22:29:43 UTC 2026","","com.lop.budget.data.repository.RecurringEditionRepositoryTest","com.lop.budget.data.repository.RecurringEditionRepositoryTest",""
"","0","S-09 - Given Plan PLANNED a une date passee - When calculateBalances - Then elle n'est pas comptabilisee","","Fri Oct 09 22:29:44 UTC 2026","passed","Fri Oct 09 22:29:44 UTC 2026","","com.lop.budget.domain.BalanceEngineRulesTest","com.lop.budget.domain.BalanceEngineRulesTest",""
"","129","F-01 - le solde preaffiche vient du use case et non du solde initial","","Fri Oct 09 22:29:54 UTC 2026","passed","Fri Oct 09 22:29:54 UTC 2026","","com.lop.budget.ui.screens.manage.AccountFormBalanceSourceTest","com.lop.budget.ui.screens.manage.AccountFormBalanceSourceTest",""
"","82","T-09c - Given la base migree - When on inspecte payment_cards - Then aucune colonne sensible n existe (I-1)","","Fri Oct 09 22:29:37 UTC 2026","passed","Fri Oct 09 22:29:37 UTC 2026","","com.lop.budget.data.local.PaymentCardMigrationTest","com.lop.budget.data.local.PaymentCardMigrationTest",""
"","42","D-01 - le virtuel de fevrier est consultable par invoke et getById avec les valeurs de la liste","","Fri Oct 09 22:29:48 UTC 2026","passed","Fri Oct 09 22:29:49 UTC 2026","","com.lop.budget.domain.usecase.transaction.ObserveTransactionDetailRoomTest","com.lop.budget.domain.usecase.transaction.ObserveTransactionDetailRoomTest",""
"","32","T-03 - Given une depense sans usage ni enfant - When on la passe en revenu - Then meme ligne de type revenu qui change de liste (CA-13, I-6)","","Fri Oct 09 22:29:46 UTC 2026","passed","Fri Oct 09 22:29:46 UTC 2026","","com.lop.budget.domain.usecase.category.CategoryCrudPersistenceTest","com.lop.budget.domain.usecase.category.CategoryCrudPersistenceTest",""
"","30","D-08b - sur une base vide les identifiants absents rendent null sans rien creer","","Fri Oct 09 22:29:48 UTC 2026","passed","Fri Oct 09 22:29:48 UTC 2026","","com.lop.budget.domain.usecase.transaction.ObserveTransactionDetailRoomTest","com.lop.budget.domain.usecase.transaction.ObserveTransactionDetailRoomTest",""
"","29","R-02 suppression - given A observe when TX-PAYEE est supprimee then A 10000 et total 8000","","Fri Oct 09 22:29:52 UTC 2026","passed","Fri Oct 09 22:29:52 UTC 2026","","com.lop.budget.ui.screens.accounts.AccountsObservationRoomTest","com.lop.budget.ui.screens.accounts.AccountsObservationRoomTest",""
"","8","S-03 - Given virtual occurrence, When invoked, Then it materializes before reading and deleting","","Fri Oct 09 22:29:52 UTC 2026","passed","Fri Oct 09 22:29:52 UTC 2026","","com.lop.budget.domain.usecase.transaction.SoftDeleteTransactionOccurrenceUseCaseTest","com.lop.budget.domain.usecase.transaction.SoftDeleteTransactionOccurrenceUseCaseTest",""
"","41","D-10c - renommer la categorie actualise le detail et le garde coherent avec la liste","","Fri Oct 09 22:29:48 UTC 2026","passed","Fri Oct 09 22:29:49 UTC 2026","","com.lop.budget.domain.usecase.transaction.ObserveTransactionDetailRoomTest","com.lop.budget.domain.usecase.transaction.ObserveTransactionDetailRoomTest",""
"","39","T-03 - Given TX-MARS sur le compte A, When modification rapide du compte vers B, Then les deux soldes sont recalculés du montant exact","","Fri Oct 09 22:29:44 UTC 2026","passed","Fri Oct 09 22:29:44 UTC 2026","","com.lop.budget.data.repository.TransactionDetailQuickEditPersistenceTest","com.lop.budget.data.repository.TransactionDetailQuickEditPersistenceTest",""
"","0","T-03c - Given edition normale avec saisies - When shouldWarnOnExit - Then avertir (CA-17)","","Fri Oct 09 22:29:54 UTC 2026","passed","Fri Oct 09 22:29:54 UTC 2026","","com.lop.budget.ui.screens.detected.DetectedInboxTest","com.lop.budget.ui.screens.detected.DetectedInboxTest",""
"","4","V-07 prelecture en erreur - given creation F, when save, then erreur de sauvegarde, aucune ecriture, verrou relache","","Fri Oct 09 22:29:56 UTC 2026","passed","Fri Oct 09 22:29:56 UTC 2026","","com.lop.budget.ui.screens.transaction.TransactionMissingDayDecisionTest","com.lop.budget.ui.screens.transaction.TransactionMissingDayDecisionTest",""
"","4","A-05 - confirmEdit ponctuelle - fallbacks et getSeriesById jamais appele","","Fri Oct 09 22:29:52 UTC 2026","passed","Fri Oct 09 22:29:52 UTC 2026","","com.lop.budget.ui.common.TransactionActionViewModelEditMappingTest","com.lop.budget.ui.common.TransactionActionViewModelEditMappingTest",""
"","26","U-01 - les six prochaines occurrences d'une serie annuelle sont rendues au-dela de cinq ans","","Fri Oct 09 22:29:50 UTC 2026","passed","Fri Oct 09 22:29:50 UTC 2026","","com.lop.budget.domain.usecase.transaction.ObserveUpcomingOccurrencesRoomTest","com.lop.budget.domain.usecase.transaction.ObserveUpcomingOccurrencesRoomTest",""
"","5","S-08 - Given transaction linked to both, When soft deleted, Then both syncs follow deletion","","Fri Oct 09 22:29:52 UTC 2026","passed","Fri Oct 09 22:29:52 UTC 2026","","com.lop.budget.domain.usecase.transaction.SoftDeleteTransactionOccurrenceUseCaseTest","com.lop.budget.domain.usecase.transaction.SoftDeleteTransactionOccurrenceUseCaseTest",""
"","2","given_texte_avec_bruit_numerique_when_parse_then_seul_le_montant_paye_est_retenu","","Fri Oct 09 22:29:52 UTC 2026","passed","Fri Oct 09 22:29:52 UTC 2026","","com.lop.budget.notifications.PaymentParsingTest","com.lop.budget.notifications.PaymentParsingTest",""
"","1","givenDailySeriesAcrossSpringForward_whenGenerateOccurrences_thenKeepsLocalNineAmAndShifts23hThen24h_B11","","Fri Oct 09 22:29:45 UTC 2026","passed","Fri Oct 09 22:29:45 UTC 2026","","com.lop.budget.domain.RecurrenceEngineBoundsTest","com.lop.budget.domain.RecurrenceEngineBoundsTest",""
"","107869","TC-81-3 - Annulation, retour arrière sans sauvegarde","","Fri Oct 09 22:36:55 UTC 2026","passed","Fri Oct 09 22:38:42 UTC 2026","","TC-81-3 - Annulation, retour arrière sans sauvegarde","TC-81-3 - Annulation, retour arrière sans sauvegarde","TC-81-3 - Annulation, retour arrière sans sauvegarde"
"","0","given M-NEG when formate en EUR then le signe est conserve","","Fri Oct 09 22:29:57 UTC 2026","passed","Fri Oct 09 22:29:57 UTC 2026","","com.lop.budget.util.CurrencyFormattingTest","com.lop.budget.util.CurrencyFormattingTest",""
"","45","T-02 - Given TX-MARS au 12 mars, When modification rapide de date au 5 avril, Then avril l'expose une fois et mars plus du tout","","Fri Oct 09 22:29:44 UTC 2026","passed","Fri Oct 09 22:29:44 UTC 2026","","com.lop.budget.data.repository.TransactionDetailQuickEditPersistenceTest","com.lop.budget.data.repository.TransactionDetailQuickEditPersistenceTest",""
"","5","T-02 - Given C-1 a 100 000 - When adjust vise 90 000 - Then une depense de 10 000 positive est ecrite","","Fri Oct 09 22:29:45 UTC 2026","passed","Fri Oct 09 22:29:45 UTC 2026","","com.lop.budget.domain.usecase.account.AdjustBalanceCreationTest","com.lop.budget.domain.usecase.account.AdjustBalanceCreationTest",""
"","81","given une proposition en attente when une transaction est enregistree depuis elle then elle est confirmee avec l identifiant cree","","Fri Oct 09 22:29:42 UTC 2026","passed","Fri Oct 09 22:29:42 UTC 2026","","com.lop.budget.data.repository.ProposalPersistenceTest","com.lop.budget.data.repository.ProposalPersistenceTest",""
"","0","givenDailySeriesInterval2_whenGenerateOccurrences_thenReturns4ExpectedDates_G02","","Fri Oct 09 22:29:45 UTC 2026","passed","Fri Oct 09 22:29:45 UTC 2026","","com.lop.budget.domain.RecurrenceEngineGridTest","com.lop.budget.domain.RecurrenceEngineGridTest",""
"","1","givenSeriesEndDateNotAlignedOnSlot_whenGenerateOccurrences_thenStopsAtLastSlotBeforeEnd_B04","","Fri Oct 09 22:29:45 UTC 2026","passed","Fri Oct 09 22:29:45 UTC 2026","","com.lop.budget.domain.RecurrenceEngineBoundsTest","com.lop.budget.domain.RecurrenceEngineBoundsTest",""
"","6","M-01e - given Revenus mars when on applique 30 au 31 mars then bornes 30 mars 00h00 000 et 31 mars 23h59 999","","Fri Oct 09 22:29:54 UTC 2026","failed","Fri Oct 09 22:29:54 UTC 2026","","com.lop.budget.ui.screens.monthly.MonthlyAnalysisStateTest","com.lop.budget.ui.screens.monthly.MonthlyAnalysisStateTest",""
"","24","R-06a - given le virtuel du 28 fevrier capture, when resolution sans ecriture, then Available du meme ID","","Fri Oct 09 22:29:51 UTC 2026","passed","Fri Oct 09 22:29:51 UTC 2026","","com.lop.budget.domain.usecase.transaction.RecurringOccurrencesContractRoomTest","com.lop.budget.domain.usecase.transaction.RecurringOccurrencesContractRoomTest",""
"","47","E-07 - Given PAID materialized occurrence, When FUTURE edition, Then new materialized occurrence is also PAID","","Fri Oct 09 22:29:43 UTC 2026","passed","Fri Oct 09 22:29:43 UTC 2026","","com.lop.budget.data.repository.RecurringEditionRepositoryTest","com.lop.budget.data.repository.RecurringEditionRepositoryTest",""
"","5","A-07c - Given use case en echec - When save - Then isSaving retombe et aucune seconde ecriture (CA-10, I-2)","","Fri Oct 09 22:29:55 UTC 2026","passed","Fri Oct 09 22:29:55 UTC 2026","","com.lop.budget.ui.screens.transaction.TransactionEditViewModelCreateTest","com.lop.budget.ui.screens.transaction.TransactionEditViewModelCreateTest",""
"","31","V-01 - Given CPT-TEMOIN - When nom vide puis blanc - Then deux refus BlankName et aucune ecriture","","Fri Oct 09 22:29:45 UTC 2026","passed","Fri Oct 09 22:29:45 UTC 2026","","com.lop.budget.domain.usecase.account.AccountPersistenceTest","com.lop.budget.domain.usecase.account.AccountPersistenceTest",""
"","0","S-11 - Given AdjP ajustement en revenu - When calculateBalances - Then il augmente le solde","","Fri Oct 09 22:29:44 UTC 2026","passed","Fri Oct 09 22:29:44 UTC 2026","","com.lop.budget.domain.BalanceEngineRulesTest","com.lop.budget.domain.BalanceEngineRulesTest",""
"","32","A-01 - Given deux comptes inclus - When archivage de CPT-COURANT - Then total diminue exactement de son solde","","Fri Oct 09 22:29:45 UTC 2026","passed","Fri Oct 09 22:29:45 UTC 2026","","com.lop.budget.domain.usecase.account.AccountPersistenceTest","com.lop.budget.domain.usecase.account.AccountPersistenceTest",""
"","65","E-02 - Given same slot edited twice in SINGLE, When executed, Then it remains idempotent with a single row","","Fri Oct 09 22:29:43 UTC 2026","passed","Fri Oct 09 22:29:43 UTC 2026","","com.lop.budget.data.repository.RecurringEditionRepositoryTest","com.lop.budget.data.repository.RecurringEditionRepositoryTest",""
"","30","given une proposition refusee when la meme notification revient dans la fenetre then elle ne reapparait pas en attente","","Fri Oct 09 22:29:42 UTC 2026","passed","Fri Oct 09 22:29:42 UTC 2026","","com.lop.budget.data.repository.ProposalPersistenceTest","com.lop.budget.data.repository.ProposalPersistenceTest",""
"","3","C-03 - Given ponctuel PAID - When invoke - Then statut PAID transmis a saveSimple","","Fri Oct 09 22:29:52 UTC 2026","passed","Fri Oct 09 22:29:52 UTC 2026","","com.lop.budget.domain.usecase.transaction.TC_82_CreateTransactionUseCaseCreateContractTest","com.lop.budget.domain.usecase.transaction.TC_82_CreateTransactionUseCaseCreateContractTest",""
"","3","G-08 detection - given C31, when detection, then ancrage 31 et exemple 30 avril","","Fri Oct 09 22:29:45 UTC 2026","passed","Fri Oct 09 22:29:45 UTC 2026","","com.lop.budget.domain.RecurrenceMissingDayTest","com.lop.budget.domain.RecurrenceMissingDayTest",""
"","53","P-02 - Given an already materialized february exception, When it is soft deleted, Then the existing row is deleted without a second tombstone","","Fri Oct 09 22:29:42 UTC 2026","passed","Fri Oct 09 22:29:42 UTC 2026","","com.lop.budget.data.repository.RecurringDeletionRepositoryTest","com.lop.budget.data.repository.RecurringDeletionRepositoryTest",""
"","5","M-06 - Confirm punctual with choice null calls SINGLE exactly once","","Fri Oct 09 22:29:52 UTC 2026","passed","Fri Oct 09 22:29:52 UTC 2026","","com.lop.budget.ui.common.TC_33_ContextualDeletionMappingTest","com.lop.budget.ui.common.TC_33_ContextualDeletionMappingTest",""
"","8","T-08 - Given un identifiant de compte inexistant - When adjust vise 120 000 - Then AccountNotFound sans aucune ecriture","","Fri Oct 09 22:29:45 UTC 2026","passed","Fri Oct 09 22:29:45 UTC 2026","","com.lop.budget.domain.usecase.account.AdjustBalanceCreationTest","com.lop.budget.domain.usecase.account.AdjustBalanceCreationTest",""
"","22","R-01b - given A finie le 31 mars, when apercu depuis T0, then exactement 28 fevrier et 31 mars","","Fri Oct 09 22:29:51 UTC 2026","passed","Fri Oct 09 22:29:51 UTC 2026","","com.lop.budget.domain.usecase.transaction.RecurringOccurrencesContractRoomTest","com.lop.budget.domain.usecase.transaction.RecurringOccurrencesContractRoomTest",""
"","47","D-05b - ramener la fin de serie au 31 janvier rend le virtuel de fevrier introuvable","","Fri Oct 09 22:29:48 UTC 2026","passed","Fri Oct 09 22:29:49 UTC 2026","","com.lop.budget.domain.usecase.transaction.ObserveTransactionDetailRoomTest","com.lop.budget.domain.usecase.transaction.ObserveTransactionDetailRoomTest",""
"","32","L-10a - bornes incluses, debut virtuel et fin physique","","Fri Oct 09 22:29:49 UTC 2026","passed","Fri Oct 09 22:29:49 UTC 2026","","com.lop.budget.domain.usecase.transaction.ObserveTransactionsRoomTest","com.lop.budget.domain.usecase.transaction.ObserveTransactionsRoomTest",""
"","0","S-02 - Given C-A0 solde de depart nul - When calculateBalances - Then 0","","Fri Oct 09 22:29:44 UTC 2026","passed","Fri Oct 09 22:29:44 UTC 2026","","com.lop.budget.domain.BalanceEngineRulesTest","com.lop.budget.domain.BalanceEngineRulesTest",""
"","12","S-14 - garde-fou I-5 - SINGLE freq NONE sur occurrence de serie conserve le lien","","Fri Oct 09 22:29:48 UTC 2026","passed","Fri Oct 09 22:29:48 UTC 2026","","com.lop.budget.domain.usecase.transaction.EditTransactionWithScopeUseCaseTest","com.lop.budget.domain.usecase.transaction.EditTransactionWithScopeUseCaseTest",""
"","6","I-07 - Given BANQUE-B selectionnee - When retrait de l'etablissement - Then icone de base du type","","Fri Oct 09 22:29:54 UTC 2026","passed","Fri Oct 09 22:29:54 UTC 2026","","com.lop.budget.ui.screens.manage.AccountFormRulesTest","com.lop.budget.ui.screens.manage.AccountFormRulesTest",""
"","1","given_capture_samsung_carte_dans_le_titre_when_parse_then_carte_et_libelle_separes","","Fri Oct 09 22:29:52 UTC 2026","passed","Fri Oct 09 22:29:52 UTC 2026","","com.lop.budget.notifications.PaymentParsingTest","com.lop.budget.notifications.PaymentParsingTest",""
"","5","A-04b - Given montant nul - When save - Then aucune ecriture et erreur sur le montant (CA-04, I-1)","","Fri Oct 09 22:29:55 UTC 2026","passed","Fri Oct 09 22:29:55 UTC 2026","","com.lop.budget.ui.screens.transaction.TransactionEditViewModelCreateTest","com.lop.budget.ui.screens.transaction.TransactionEditViewModelCreateTest",""
"","41","P-09 - Given a deleted february slot, When a new use case instance re-observes the period, Then the slot does not come back","","Fri Oct 09 22:29:42 UTC 2026","passed","Fri Oct 09 22:29:42 UTC 2026","","com.lop.budget.data.repository.RecurringDeletionRepositoryTest","com.lop.budget.data.repository.RecurringDeletionRepositoryTest",""
"","5","S-03 - Given selection Sante et Pro - When toggleTag Sante - Then il ne reste que Pro et aucun tag n'est supprime (CA-02, I-4)","","Fri Oct 09 22:29:57 UTC 2026","passed","Fri Oct 09 22:29:57 UTC 2026","","com.lop.budget.ui.screens.transaction.TransactionTagSelectionTest","com.lop.budget.ui.screens.transaction.TransactionTagSelectionTest",""
"","5","M-08 - Confirm non-moved occurrence with FUTURE_ONLY calls series use case","","Fri Oct 09 22:29:52 UTC 2026","passed","Fri Oct 09 22:29:52 UTC 2026","","com.lop.budget.ui.common.TC_33_ContextualDeletionMappingTest","com.lop.budget.ui.common.TC_33_ContextualDeletionMappingTest",""
"","34","U-02 - un slot supprime est exclu des prochaines occurrences sans se regenerer","","Fri Oct 09 22:29:50 UTC 2026","passed","Fri Oct 09 22:29:50 UTC 2026","","com.lop.budget.domain.usecase.transaction.ObserveUpcomingOccurrencesRoomTest","com.lop.budget.domain.usecase.transaction.ObserveUpcomingOccurrencesRoomTest",""
"","2","given fenetre D1 D2 when filtre statut PLANNED then exactement les deux planifiees","","Fri Oct 09 22:29:51 UTC 2026","passed","Fri Oct 09 22:29:51 UTC 2026","","com.lop.budget.domain.usecase.transaction.SearchTransactionsFiltersTest","com.lop.budget.domain.usecase.transaction.SearchTransactionsFiltersTest",""
"","6","A-07d - Given sauvegarde annulee - When CancellationException - Then aucune erreur affichee (CA-10)","","Fri Oct 09 22:29:55 UTC 2026","passed","Fri Oct 09 22:29:55 UTC 2026","","com.lop.budget.ui.screens.transaction.TransactionEditViewModelCreateTest","com.lop.budget.ui.screens.transaction.TransactionEditViewModelCreateTest",""
"","35","E-18 - Given punctual with tags, When T2 is removed in edition, Then only T1 remains","","Fri Oct 09 22:29:43 UTC 2026","passed","Fri Oct 09 22:29:43 UTC 2026","","com.lop.budget.data.repository.RecurringEditionRepositoryTest","com.lop.budget.data.repository.RecurringEditionRepositoryTest",""
"","27","T-05b - Given le jeu de donnees de base - When getById sur un identifiant positif absent - Then le resultat est null (CA-12)","","Fri Oct 09 22:29:44 UTC 2026","passed","Fri Oct 09 22:29:44 UTC 2026","","com.lop.budget.data.repository.TransactionTagsPersistenceTest","com.lop.budget.data.repository.TransactionTagsPersistenceTest",""
"","11","A-05c - Given un compte preselectionne - When on choisit sans compte - Then NO_ACCOUNT_ID est persiste (CA-04)","","Fri Oct 09 22:29:55 UTC 2026","passed","Fri Oct 09 22:29:55 UTC 2026","","com.lop.budget.ui.screens.transaction.TransactionEditViewModelCreateTest","com.lop.budget.ui.screens.transaction.TransactionEditViewModelCreateTest",""
"","9","given une notification Wallet reconnue when la detection est active then une proposition complete est ecrite et annoncee","","Fri Oct 09 22:29:47 UTC 2026","passed","Fri Oct 09 22:29:47 UTC 2026","","com.lop.budget.domain.usecase.detection.HandlePaymentNotificationTest","com.lop.budget.domain.usecase.detection.HandlePaymentNotificationTest",""
"","24","R-05b - given A finie le 31 janvier, when contexte, then ouverture sur le depart sans prochaine echeance","","Fri Oct 09 22:29:51 UTC 2026","passed","Fri Oct 09 22:29:51 UTC 2026","","com.lop.budget.domain.usecase.transaction.RecurringOccurrencesContractRoomTest","com.lop.budget.domain.usecase.transaction.RecurringOccurrencesContractRoomTest",""
"","5","M-02 - Given parentes et fille emises dans le desordre - When la gestion s'abonne - Then une entree par parente et la fille sous sa parente seulement (CA-01)","","Fri Oct 09 22:29:53 UTC 2026","passed","Fri Oct 09 22:29:53 UTC 2026","","com.lop.budget.ui.screens.category.CategoryViewModelTest","com.lop.budget.ui.screens.category.CategoryViewModelTest",""
"","20","given une edition sur un compte inexistant when l enregistrement est tente then rien n est ecrit des deux cotes","","Fri Oct 09 22:29:42 UTC 2026","passed","Fri Oct 09 22:29:42 UTC 2026","","com.lop.budget.data.repository.ProposalPersistenceTest","com.lop.budget.data.repository.ProposalPersistenceTest",""
"","54","given la base en memoire when PRAGMA foreign_keys est lu then la contrainte est active","","Fri Oct 09 22:29:41 UTC 2026","passed","Fri Oct 09 22:29:41 UTC 2026","","com.lop.budget.data.repository.GoalLoanModelPersistenceTest","com.lop.budget.data.repository.GoalLoanModelPersistenceTest",""
"","2","given fenetre D1 D2 when filtre categorie Alim then Revenus et Loisirs absents","","Fri Oct 09 22:29:51 UTC 2026","passed","Fri Oct 09 22:29:51 UTC 2026","","com.lop.budget.domain.usecase.transaction.SearchTransactionsFiltersTest","com.lop.budget.domain.usecase.transaction.SearchTransactionsFiltersTest",""
"","5","given_deux_ecritures_du_meme_montant_when_dedupeKey_then_cles_strictement_egales","","Fri Oct 09 22:29:52 UTC 2026","passed","Fri Oct 09 22:29:52 UTC 2026","","com.lop.budget.notifications.PaymentParsingTest","com.lop.budget.notifications.PaymentParsingTest",""
"","5","A-04c - Given montant negatif - When save - Then aucune ecriture et erreur sur le montant (CA-04, I-1)","","Fri Oct 09 22:29:55 UTC 2026","passed","Fri Oct 09 22:29:55 UTC 2026","","com.lop.budget.ui.screens.transaction.TransactionEditViewModelCreateTest","com.lop.budget.ui.screens.transaction.TransactionEditViewModelCreateTest",""
"","30","T-03 - Given le jeu de donnees de base - When on cree une ponctuelle sans aucun tag - Then la ligne est persistee avec zero jointure et sans erreur (CA-08)","","Fri Oct 09 22:29:44 UTC 2026","passed","Fri Oct 09 22:29:44 UTC 2026","","com.lop.budget.data.repository.TransactionTagsPersistenceTest","com.lop.budget.data.repository.TransactionTagsPersistenceTest",""
"","13","V-04a - given mars charge, when jour vide puis jour multiple, then selection exacte et aucune ouverture","","Fri Oct 09 22:29:53 UTC 2026","passed","Fri Oct 09 22:29:53 UTC 2026","","com.lop.budget.ui.screens.calendar.SeriesCalendarViewModelTest","com.lop.budget.ui.screens.calendar.SeriesCalendarViewModelTest",""
"","4","M-09 - Confirm moved exception with FUTURE_ONLY uses display date as pivot","","Fri Oct 09 22:29:52 UTC 2026","passed","Fri Oct 09 22:29:52 UTC 2026","","com.lop.budget.ui.common.TC_33_ContextualDeletionMappingTest","com.lop.budget.ui.common.TC_33_ContextualDeletionMappingTest",""
"","52","P-10a - Given a single scope deletion on A, When it is applied, Then control data stays identical","","Fri Oct 09 22:29:42 UTC 2026","passed","Fri Oct 09 22:29:42 UTC 2026","","com.lop.budget.data.repository.RecurringDeletionRepositoryTest","com.lop.budget.data.repository.RecurringDeletionRepositoryTest",""
"","49","L-06 - un tombstone masque son slot sans le regenerer, et un ponctuel supprime disparait","","Fri Oct 09 22:29:49 UTC 2026","passed","Fri Oct 09 22:29:49 UTC 2026","","com.lop.budget.domain.usecase.transaction.ObserveTransactionsRoomTest","com.lop.budget.domain.usecase.transaction.ObserveTransactionsRoomTest",""
"","5","F-09 - Given une creation ouverte depuis les depenses - When on enregistre sans changer le type - Then depense initiale et transmise (CA-14)","","Fri Oct 09 22:29:53 UTC 2026","passed","Fri Oct 09 22:29:53 UTC 2026","","com.lop.budget.ui.screens.category.CategoryViewModelTest","com.lop.budget.ui.screens.category.CategoryViewModelTest",""
"","7","given le catalogue when parcouru entierement then chaque entree est affichable","","Fri Oct 09 22:29:45 UTC 2026","passed","Fri Oct 09 22:29:45 UTC 2026","","com.lop.budget.domain.model.CurrencyCatalogTest","com.lop.budget.domain.model.CurrencyCatalogTest",""
"","992","C-07 - Given une creation de Vacances - When createTag vacances dans la meme session - Then aucune seconde ligne et l'existante est selectionnee (CA-04, CA-06, I-2)","","Fri Oct 09 22:29:56 UTC 2026","passed","Fri Oct 09 22:29:57 UTC 2026","","com.lop.budget.ui.screens.transaction.TransactionTagCreationTest","com.lop.budget.ui.screens.transaction.TransactionTagCreationTest",""
"","29","R-03 nom - given A observe when A est renomme then le nouveau nom est expose, solde 8000, total 6000","","Fri Oct 09 22:29:52 UTC 2026","passed","Fri Oct 09 22:29:52 UTC 2026","","com.lop.budget.ui.screens.accounts.AccountsObservationRoomTest","com.lop.budget.ui.screens.accounts.AccountsObservationRoomTest",""
"","41","E-14b - Given FUTURE edition, When applied, Then series B and punctual remain untouched","","Fri Oct 09 22:29:43 UTC 2026","passed","Fri Oct 09 22:29:43 UTC 2026","","com.lop.budget.data.repository.RecurringEditionRepositoryTest","com.lop.budget.data.repository.RecurringEditionRepositoryTest",""
"","41","E-14a - Given SINGLE edition, When applied, Then series B and punctual remain untouched","","Fri Oct 09 22:29:43 UTC 2026","passed","Fri Oct 09 22:29:43 UTC 2026","","com.lop.budget.data.repository.RecurringEditionRepositoryTest","com.lop.budget.data.repository.RecurringEditionRepositoryTest",""
"","20","R-03 type - given A observe when A devient SAVINGS then le nouveau type est expose, solde 8000, total 6000","","Fri Oct 09 22:29:52 UTC 2026","passed","Fri Oct 09 22:29:52 UTC 2026","","com.lop.budget.ui.screens.accounts.AccountsObservationRoomTest","com.lop.budget.ui.screens.accounts.AccountsObservationRoomTest",""
"","12","V-06 - given mars et 2 mars, when donnees puis contexte changent, then etat actualise sans navigation ni changement de mois","","Fri Oct 09 22:29:53 UTC 2026","passed","Fri Oct 09 22:29:53 UTC 2026","","com.lop.budget.ui.screens.calendar.SeriesCalendarViewModelTest","com.lop.budget.ui.screens.calendar.SeriesCalendarViewModelTest",""
"","3","W-02 - Creation NONE avec status null - defaut PLANNED","","Fri Oct 09 22:29:48 UTC 2026","passed","Fri Oct 09 22:29:48 UTC 2026","","com.lop.budget.domain.usecase.transaction.CreateAndSaveTransactionUseCaseTest","com.lop.budget.domain.usecase.transaction.CreateAndSaveTransactionUseCaseTest",""
"","8","M-03c - given deux categories homonymes when on choisit H1 puis H2 then chaque appel porte son identifiant et la ligne de sa seule categorie","","Fri Oct 09 22:29:54 UTC 2026","passed","Fri Oct 09 22:29:54 UTC 2026","","com.lop.budget.ui.screens.monthly.MonthlyAnalysisStateTest","com.lop.budget.ui.screens.monthly.MonthlyAnalysisStateTest",""
"","6","V-01 - Given nom blanc - When sauvegarde - Then refus BlankName expose et aucune ecriture","","Fri Oct 09 22:29:54 UTC 2026","passed","Fri Oct 09 22:29:54 UTC 2026","","com.lop.budget.ui.screens.manage.AccountFormRulesTest","com.lop.budget.ui.screens.manage.AccountFormRulesTest",""
"","87","S-01 - aucune couche consommatrice ne reference le moteur de recurrence","","Fri Oct 09 22:29:44 UTC 2026","passed","Fri Oct 09 22:29:45 UTC 2026","","com.lop.budget.domain.RecurrenceCentralizationTest","com.lop.budget.domain.RecurrenceCentralizationTest",""
"","0","verify catalog conformity","","Fri Oct 09 22:29:44 UTC 2026","passed","Fri Oct 09 22:29:44 UTC 2026","","com.lop.budget.data.seed.DefaultCatalogConformityTest","com.lop.budget.data.seed.DefaultCatalogConformityTest",""
"","5","S-09 et S-15 - statut null - statut de la ligne et paidAt existant conserves","","Fri Oct 09 22:29:48 UTC 2026","passed","Fri Oct 09 22:29:48 UTC 2026","","com.lop.budget.domain.usecase.transaction.EditTransactionWithScopeUseCaseTest","com.lop.budget.domain.usecase.transaction.EditTransactionWithScopeUseCaseTest",""
"","7","T-01 - given le compte A et son jeu complet - when on lit l etat expose - then chaque ajustement porte libelle marqueur montant signe et date","","Fri Oct 09 22:29:53 UTC 2026","passed","Fri Oct 09 22:29:53 UTC 2026","","com.lop.budget.ui.screens.accounts.AdjustmentRestrictionsTest","com.lop.budget.ui.screens.accounts.AdjustmentRestrictionsTest",""
"","1","G-01 - given M31 dernier jour, when fenetre 31 janvier a 31 mai, then 31 janvier, 28 fevrier, 31 mars, 30 avril, 31 mai","","Fri Oct 09 22:29:45 UTC 2026","passed","Fri Oct 09 22:29:45 UTC 2026","","com.lop.budget.domain.RecurrenceMissingDayTest","com.lop.budget.domain.RecurrenceMissingDayTest",""
"","0","given M-1234 when formate en EUR then deux decimales et symbole euro","","Fri Oct 09 22:29:57 UTC 2026","passed","Fri Oct 09 22:29:57 UTC 2026","","com.lop.budget.util.CurrencyFormattingTest","com.lop.budget.util.CurrencyFormattingTest",""
"","2","given aucune date fournie when recherche then fenetre du 1er de M moins 1 au dernier jour de M plus 6","","Fri Oct 09 22:29:51 UTC 2026","passed","Fri Oct 09 22:29:51 UTC 2026","","com.lop.budget.domain.usecase.transaction.SearchTransactionsFiltersTest","com.lop.budget.domain.usecase.transaction.SearchTransactionsFiltersTest",""
"","27","R-02 FUTURE - given virtuel du 28 fevrier de S31, when prelecture FUTURE date inchangee, then ancrage 31 et exemple 30 avril, rien ecrit","","Fri Oct 09 22:29:50 UTC 2026","passed","Fri Oct 09 22:29:50 UTC 2026","","com.lop.budget.domain.usecase.transaction.RecurringMissingDayRoomTest","com.lop.budget.domain.usecase.transaction.RecurringMissingDayRoomTest",""
"","24","U-02 - Given Alimentation utilisee - When on tente un nom blanc avec la couleur intruse - Then refus BlankName et rien ne change (CA-05, I-2)","","Fri Oct 09 22:29:46 UTC 2026","passed","Fri Oct 09 22:29:46 UTC 2026","","com.lop.budget.domain.usecase.category.CategoryCrudPersistenceTest","com.lop.budget.domain.usecase.category.CategoryCrudPersistenceTest",""
"","48","S-01 - Given CPT-COURANT avec operations et ajustement - When suppression - Then ajustement efface et operations detachees","","Fri Oct 09 22:29:45 UTC 2026","passed","Fri Oct 09 22:29:45 UTC 2026","","com.lop.budget.domain.usecase.account.AccountPersistenceTest","com.lop.budget.domain.usecase.account.AccountPersistenceTest",""
"","19","C-03 - Given deux tags en base - When createTag avec un nom vide - Then aucun tag cree et une erreur est exposee (CA-05)","","Fri Oct 09 22:29:56 UTC 2026","passed","Fri Oct 09 22:29:56 UTC 2026","","com.lop.budget.ui.screens.transaction.TransactionTagCreationTest","com.lop.budget.ui.screens.transaction.TransactionTagCreationTest",""
"","0","givenTwoSeriesWithSameDates_whenGenerateOccurrences_thenVirtualIdsAreDistinctNegativeAndDeterministic_G12","","Fri Oct 09 22:29:45 UTC 2026","passed","Fri Oct 09 22:29:45 UTC 2026","","com.lop.budget.domain.RecurrenceEngineGridTest","com.lop.budget.domain.RecurrenceEngineGridTest",""
"","42","given trois dettes et deux creances when la liste est filtree par direction then chaque filtre rend les siennes","","Fri Oct 09 22:29:41 UTC 2026","passed","Fri Oct 09 22:29:41 UTC 2026","","com.lop.budget.data.repository.GoalLoanModelPersistenceTest","com.lop.budget.data.repository.GoalLoanModelPersistenceTest",""
"","1","givenMonthlySeriesInterval3_whenGenerateOccurrences_thenReturns3ExpectedDates_G08","","Fri Oct 09 22:29:45 UTC 2026","passed","Fri Oct 09 22:29:45 UTC 2026","","com.lop.budget.domain.RecurrenceEngineGridTest","com.lop.budget.domain.RecurrenceEngineGridTest",""
"","11","S-04 et S-10 - virtuelle inconnue - fallback edition date et statut PLANNED","","Fri Oct 09 22:29:48 UTC 2026","passed","Fri Oct 09 22:29:48 UTC 2026","","com.lop.budget.domain.usecase.transaction.EditTransactionWithScopeUseCaseTest","com.lop.budget.domain.usecase.transaction.EditTransactionWithScopeUseCaseTest",""
"","5","T-01 - Given C-1 a 100 000 - When adjust vise 120 000 - Then une seule ligne de revenu de 20 000 est ecrite","","Fri Oct 09 22:29:45 UTC 2026","passed","Fri Oct 09 22:29:45 UTC 2026","","com.lop.budget.domain.usecase.account.AdjustBalanceCreationTest","com.lop.budget.domain.usecase.account.AdjustBalanceCreationTest",""
"","60","E-04 - Given FUTURE edition from february, When executed, Then series A is truncated and a new series is created","","Fri Oct 09 22:29:43 UTC 2026","passed","Fri Oct 09 22:29:43 UTC 2026","","com.lop.budget.data.repository.RecurringEditionRepositoryTest","com.lop.budget.data.repository.RecurringEditionRepositoryTest",""
"","4","G-11 grille - given ancre 31 depuis le 28 fevrier, intervalle 12, sauter, when fenetre 2026 a 2027, then le depart seul et le calcul s'arrete","","Fri Oct 09 22:29:45 UTC 2026","passed","Fri Oct 09 22:29:45 UTC 2026","","com.lop.budget.domain.RecurrenceMissingDayTest","com.lop.budget.domain.RecurrenceMissingDayTest",""
"","3","G-06 fin 28 fevrier - given M31, when detection, then ancrage 31 et exemple 28 fevrier","","Fri Oct 09 22:29:45 UTC 2026","passed","Fri Oct 09 22:29:45 UTC 2026","","com.lop.budget.domain.RecurrenceMissingDayTest","com.lop.budget.domain.RecurrenceMissingDayTest",""
"","31","R-12 - archiver un compte le retire du total et conserve son solde individuel","","Fri Oct 09 22:29:46 UTC 2026","passed","Fri Oct 09 22:29:46 UTC 2026","","com.lop.budget.domain.usecase.account.ObserveAccountBalancesRulesRoomTest","com.lop.budget.domain.usecase.account.ObserveAccountBalancesRulesRoomTest",""
"","39","R-02 - Given the recurring dataset MONTHLY interval 1, When CreateTransactionUseCase runs, Then a series is created without materialized transaction and observeBetween exposes 3 virtual occurrences","","Fri Oct 09 22:29:38 UTC 2026","passed","Fri Oct 09 22:29:38 UTC 2026","","com.lop.budget.data.repository.CreateTransactionRepositoryTest","com.lop.budget.data.repository.CreateTransactionRepositoryTest",""
"","3","G-08 sauter - given C31, when fenetre 28 fevrier a 31 mai, then 28 fevrier, 31 mars, 31 mai, le depart reste produit","","Fri Oct 09 22:29:45 UTC 2026","passed","Fri Oct 09 22:29:45 UTC 2026","","com.lop.budget.domain.RecurrenceMissingDayTest","com.lop.budget.domain.RecurrenceMissingDayTest",""
"","9","M-05a - given F-ALL when on passe Paye et que les deux reponses arrivent une par une then actualisation tant qu'une manque puis A1 B1 -9000","","Fri Oct 09 22:29:54 UTC 2026","passed","Fri Oct 09 22:29:54 UTC 2026","","com.lop.budget.ui.screens.monthly.MonthlyAnalysisStateTest","com.lop.budget.ui.screens.monthly.MonthlyAnalysisStateTest",""
"","6","D-03 - Given edition de CPT-EDITE - When sauvegarde d'un solde corrige - Then derniere correction a l'instant de l'horloge","","Fri Oct 09 22:29:54 UTC 2026","passed","Fri Oct 09 22:29:54 UTC 2026","","com.lop.budget.ui.screens.manage.AccountFormRulesTest","com.lop.budget.ui.screens.manage.AccountFormRulesTest",""
"","44","T-09b - given une observation deja ouverte sur les soldes when A-AJ1 est supprimee then le solde retombe","","Fri Oct 09 22:29:37 UTC 2026","passed","Fri Oct 09 22:29:37 UTC 2026","","com.lop.budget.data.repository.AdjustmentVisibilityRoomTest","com.lop.budget.data.repository.AdjustmentVisibilityRoomTest",""
"","0","S-20 - Given des listes d'entree - When calculateBalances - Then elles ne sont pas mutees","","Fri Oct 09 22:29:44 UTC 2026","passed","Fri Oct 09 22:29:44 UTC 2026","","com.lop.budget.domain.BalanceEngineRulesTest","com.lop.budget.domain.BalanceEngineRulesTest",""
"","1","S-03 - Given C-Aneg solde de depart negatif - When calculateBalances - Then -500","","Fri Oct 09 22:29:44 UTC 2026","passed","Fri Oct 09 22:29:44 UTC 2026","","com.lop.budget.domain.BalanceEngineRulesTest","com.lop.budget.domain.BalanceEngineRulesTest",""
"","4","S-05b - Given virtual ID materialized but real not found, When invoked, Then no deletion","","Fri Oct 09 22:29:52 UTC 2026","passed","Fri Oct 09 22:29:52 UTC 2026","","com.lop.budget.domain.usecase.transaction.SoftDeleteTransactionOccurrenceUseCaseTest","com.lop.budget.domain.usecase.transaction.SoftDeleteTransactionOccurrenceUseCaseTest",""
"","122","M-02b - given D-INC en revenu when les deux lectures repondent then total +10000 et memes groupes positifs","","Fri Oct 09 22:29:54 UTC 2026","passed","Fri Oct 09 22:29:54 UTC 2026","","com.lop.budget.ui.screens.monthly.MonthlyAnalysisStateTest","com.lop.budget.ui.screens.monthly.MonthlyAnalysisStateTest",""
"","45","P-07 - Given an all scope cancellation, When it is applied, Then the series is cancelled and all its rows are deleted","","Fri Oct 09 22:29:42 UTC 2026","passed","Fri Oct 09 22:29:42 UTC 2026","","com.lop.budget.data.repository.RecurringDeletionRepositoryTest","com.lop.budget.data.repository.RecurringDeletionRepositoryTest",""
"","35","R-09 - modifier le libelle d'une transaction laisse le solde inchange","","Fri Oct 09 22:29:46 UTC 2026","passed","Fri Oct 09 22:29:46 UTC 2026","","com.lop.budget.domain.usecase.account.ObserveAccountBalancesRulesRoomTest","com.lop.budget.domain.usecase.account.ObserveAccountBalancesRulesRoomTest",""
"","4","V-01 - Given une serie mensuelle sans exception - When calculateBalances avec les virtuels - Then le solde reste le solde de depart","","Fri Oct 09 22:29:44 UTC 2026","passed","Fri Oct 09 22:29:44 UTC 2026","","com.lop.budget.domain.BalanceEngineVirtualsTest","com.lop.budget.domain.BalanceEngineVirtualsTest",""
"","8","F-08 - Given une categorie sans usage ni enfant - When on la passe en revenu et on enregistre - Then la mise a jour recoit le type revenu puis un seul callback (CA-13, I-6)","","Fri Oct 09 22:29:53 UTC 2026","passed","Fri Oct 09 22:29:53 UTC 2026","","com.lop.budget.ui.screens.category.CategoryViewModelTest","com.lop.budget.ui.screens.category.CategoryViewModelTest",""
"","8","V-01a - given le contexte nominal, when ouverture, then mars, 2 mars, choix multiple et aucune navigation","","Fri Oct 09 22:29:53 UTC 2026","passed","Fri Oct 09 22:29:53 UTC 2026","","com.lop.budget.ui.screens.calendar.SeriesCalendarViewModelTest","com.lop.budget.ui.screens.calendar.SeriesCalendarViewModelTest",""
"","5","I-05 - Given icone choisie - When changement de type pour Epargne - Then icone choisie conservee","","Fri Oct 09 22:29:54 UTC 2026","passed","Fri Oct 09 22:29:54 UTC 2026","","com.lop.budget.ui.screens.manage.AccountFormRulesTest","com.lop.budget.ui.screens.manage.AccountFormRulesTest",""
"","7","T-05 - given une suppression confirmee sur A-AJ1 - when le use case reussit - then un seul appel porte A-AJ1 et l indicateur se termine","","Fri Oct 09 22:29:53 UTC 2026","passed","Fri Oct 09 22:29:53 UTC 2026","","com.lop.budget.ui.screens.accounts.AdjustmentRestrictionsTest","com.lop.budget.ui.screens.accounts.AdjustmentRestrictionsTest",""
"","56","R-03 inclusion retiree - given A inclus when A est exclu du total then A reste liste a 8000 et total -2000","","Fri Oct 09 22:29:52 UTC 2026","passed","Fri Oct 09 22:29:52 UTC 2026","","com.lop.budget.ui.screens.accounts.AccountsObservationRoomTest","com.lop.budget.ui.screens.accounts.AccountsObservationRoomTest",""
"","4","V-02 sauter - given prompt de creation, when confirmation double, then une ecriture Create avec ce choix et un callback","","Fri Oct 09 22:29:56 UTC 2026","passed","Fri Oct 09 22:29:56 UTC 2026","","com.lop.budget.ui.screens.transaction.TransactionMissingDayDecisionTest","com.lop.budget.ui.screens.transaction.TransactionMissingDayDecisionTest",""
"","0","givenDailySeriesInterval1_whenGenerateOccurrences_thenReturns4ExpectedDates_G01","","Fri Oct 09 22:29:45 UTC 2026","passed","Fri Oct 09 22:29:45 UTC 2026","","com.lop.budget.domain.RecurrenceEngineGridTest","com.lop.budget.domain.RecurrenceEngineGridTest",""
"","9","V-04c - given mars multiple, when E2 touchee et revalidee comme depart, then retour au depart","","Fri Oct 09 22:29:53 UTC 2026","passed","Fri Oct 09 22:29:53 UTC 2026","","com.lop.budget.ui.screens.calendar.SeriesCalendarViewModelTest","com.lop.budget.ui.screens.calendar.SeriesCalendarViewModelTest",""
"","24","C-02 - Given le referentiel Sante et Pro - When on tente de creer un nom vide puis un nom blanc - Then rien n'est ecrit et le referentiel est inchange (CA-03)","","Fri Oct 09 22:29:47 UTC 2026","passed","Fri Oct 09 22:29:47 UTC 2026","","com.lop.budget.domain.usecase.tag.TagCrudPersistenceTest","com.lop.budget.domain.usecase.tag.TagCrudPersistenceTest",""
"","6","A-05a - Given montant valide et categoryId null - When save - Then aucune ecriture (CA-04)","","Fri Oct 09 22:29:55 UTC 2026","passed","Fri Oct 09 22:29:55 UTC 2026","","com.lop.budget.ui.screens.transaction.TransactionEditViewModelCreateTest","com.lop.budget.ui.screens.transaction.TransactionEditViewModelCreateTest",""
"","0","T-03d - Given edition normale et formulaire vierge - When shouldWarnOnExit - Then ne pas avertir (CA-17)","","Fri Oct 09 22:29:54 UTC 2026","passed","Fri Oct 09 22:29:54 UTC 2026","","com.lop.budget.ui.screens.detected.DetectedInboxTest","com.lop.budget.ui.screens.detected.DetectedInboxTest",""
"","1","V-04 - Given un calcul deja effectue - When on relit les entrees - Then serie compte et virtuels sont intacts","","Fri Oct 09 22:29:44 UTC 2026","passed","Fri Oct 09 22:29:44 UTC 2026","","com.lop.budget.domain.BalanceEngineVirtualsTest","com.lop.budget.domain.BalanceEngineVirtualsTest",""
"","103","given une seconde notification identique hors de la fenetre when elle est traitee then le use case rend Created","","Fri Oct 09 22:29:47 UTC 2026","passed","Fri Oct 09 22:29:47 UTC 2026","","com.lop.budget.domain.usecase.detection.HandlePaymentNotificationTest","com.lop.budget.domain.usecase.detection.HandlePaymentNotificationTest",""
"","53","U-02 - Given TAG-SANTE lie a une transaction et a une serie - When on tente de le renommer vers un nom blanc - Then il reste inchange (CA-05)","","Fri Oct 09 22:29:47 UTC 2026","passed","Fri Oct 09 22:29:47 UTC 2026","","com.lop.budget.domain.usecase.tag.TagCrudPersistenceTest","com.lop.budget.domain.usecase.tag.TagCrudPersistenceTest",""
"","6","T-06 - given le jeu complet du compte A - when la suppression de A-AJ2 est acceptee - then l appel porte A-AJ2 et lui seul","","Fri Oct 09 22:29:53 UTC 2026","passed","Fri Oct 09 22:29:53 UTC 2026","","com.lop.budget.ui.screens.accounts.AdjustmentRestrictionsTest","com.lop.budget.ui.screens.accounts.AdjustmentRestrictionsTest",""
"","28","E-02 - Given CPT-COURANT a 95 450 - When sauvegarde au solde 1200,00 - Then un ajustement de 24 550 et derniere correction posee","","Fri Oct 09 22:29:45 UTC 2026","passed","Fri Oct 09 22:29:45 UTC 2026","","com.lop.budget.domain.usecase.account.AccountPersistenceTest","com.lop.budget.domain.usecase.account.AccountPersistenceTest",""
"","260","T-01b - given le jeu complet when on lit le solde total then chaque ajustement compte une seule fois","","Fri Oct 09 22:29:37 UTC 2026","passed","Fri Oct 09 22:29:37 UTC 2026","","com.lop.budget.data.repository.AdjustmentVisibilityRoomTest","com.lop.budget.data.repository.AdjustmentVisibilityRoomTest",""
"","1","given saisie accentuee when recherche then le meme ensemble que la saisie sans accent","","Fri Oct 09 22:29:51 UTC 2026","passed","Fri Oct 09 22:29:51 UTC 2026","","com.lop.budget.domain.usecase.transaction.SearchTransactionsTextTest","com.lop.budget.domain.usecase.transaction.SearchTransactionsTextTest",""
"","45","L-03 - une exception deplacee hors fenetre ne ressuscite pas son virtuel d'origine","","Fri Oct 09 22:29:49 UTC 2026","passed","Fri Oct 09 22:29:49 UTC 2026","","com.lop.budget.domain.usecase.transaction.ObserveTransactionsRoomTest","com.lop.budget.domain.usecase.transaction.ObserveTransactionsRoomTest",""
"","5","given une source non autorisee when sa notification contient un montant then elle est ignoree sans analyse","","Fri Oct 09 22:29:47 UTC 2026","passed","Fri Oct 09 22:29:47 UTC 2026","","com.lop.budget.domain.usecase.detection.HandlePaymentNotificationTest","com.lop.budget.domain.usecase.detection.HandlePaymentNotificationTest",""
"","5","S-05 - Given une transaction liee a Sante et Pro - When ouverture en edition - Then exactement ces deux tags sont preselectionnes (CA-09)","","Fri Oct 09 22:29:57 UTC 2026","passed","Fri Oct 09 22:29:57 UTC 2026","","com.lop.budget.ui.screens.transaction.TransactionTagSelectionTest","com.lop.budget.ui.screens.transaction.TransactionTagSelectionTest",""
"","20","R-09b - given choix passe a sauter, when getById du virtuel du 28 fevrier, then null sans ecriture","","Fri Oct 09 22:29:50 UTC 2026","passed","Fri Oct 09 22:29:50 UTC 2026","","com.lop.budget.domain.usecase.transaction.RecurringMissingDayRoomTest","com.lop.budget.domain.usecase.transaction.RecurringMissingDayRoomTest",""
"","4","V-06a - given aucun succes when le flux des soldes echoue then Error est l'etat courant","","Fri Oct 09 22:29:53 UTC 2026","passed","Fri Oct 09 22:29:53 UTC 2026","","com.lop.budget.ui.screens.accounts.AccountsStateTest","com.lop.budget.ui.screens.accounts.AccountsStateTest",""
"","0","given M-MAX when formate en EUR then le montant affiche egale le montant stocke","","Fri Oct 09 22:29:57 UTC 2026","passed","Fri Oct 09 22:29:57 UTC 2026","","com.lop.budget.util.CurrencyFormattingTest","com.lop.budget.util.CurrencyFormattingTest",""
"","32","given une base vide when une proposition est ecrite then une seule ligne complete existe et aucune transaction","","Fri Oct 09 22:29:42 UTC 2026","passed","Fri Oct 09 22:29:42 UTC 2026","","com.lop.budget.data.repository.ProposalPersistenceTest","com.lop.budget.data.repository.ProposalPersistenceTest",""
"","45","F-10 - Given une creation ouverte depuis les revenus - When on enregistre sans changer le type - Then revenu initial et transmis (CA-14)","","Fri Oct 09 22:29:53 UTC 2026","passed","Fri Oct 09 22:29:53 UTC 2026","","com.lop.budget.ui.screens.category.CategoryViewModelTest","com.lop.budget.ui.screens.category.CategoryViewModelTest",""
"","46","E-08 - Given exception in january, When FUTURE edition from february, Then january exception is untouched","","Fri Oct 09 22:29:43 UTC 2026","passed","Fri Oct 09 22:29:43 UTC 2026","","com.lop.budget.data.repository.RecurringEditionRepositoryTest","com.lop.budget.data.repository.RecurringEditionRepositoryTest",""
"","25","U-03 - une exception deplacee apparait a sa date d'affichage et masque son slot d'origine","","Fri Oct 09 22:29:50 UTC 2026","passed","Fri Oct 09 22:29:50 UTC 2026","","com.lop.budget.domain.usecase.transaction.ObserveUpcomingOccurrencesRoomTest","com.lop.budget.domain.usecase.transaction.ObserveUpcomingOccurrencesRoomTest",""
"","5","C-05b - Given ponctuel sans tag ni note - When invoke - Then liste vide et aucun echec","","Fri Oct 09 22:29:52 UTC 2026","passed","Fri Oct 09 22:29:52 UTC 2026","","com.lop.budget.domain.usecase.transaction.TC_82_CreateTransactionUseCaseCreateContractTest","com.lop.budget.domain.usecase.transaction.TC_82_CreateTransactionUseCaseCreateContractTest",""
"","44","R-03 desarchivage - given D archive when D est desarchive then A, B, C, D et total 56000","","Fri Oct 09 22:29:52 UTC 2026","passed","Fri Oct 09 22:29:52 UTC 2026","","com.lop.budget.ui.screens.accounts.AccountsObservationRoomTest","com.lop.budget.ui.screens.accounts.AccountsObservationRoomTest",""
"","53","E-10 - Given ALL edition with day change, When executed, Then one occurrence per month at the new day and the edited row is attached to the edited month slot","","Fri Oct 09 22:29:43 UTC 2026","passed","Fri Oct 09 22:29:43 UTC 2026","","com.lop.budget.data.repository.RecurringEditionRepositoryTest","com.lop.budget.data.repository.RecurringEditionRepositoryTest",""
"","33","R-04b - given E1 et E2 au 2 mars, when jour 2, then Multiple E1 puis E2, deux slots distincts","","Fri Oct 09 22:29:51 UTC 2026","passed","Fri Oct 09 22:29:51 UTC 2026","","com.lop.budget.domain.usecase.transaction.RecurringOccurrencesContractRoomTest","com.lop.budget.domain.usecase.transaction.RecurringOccurrencesContractRoomTest",""
"","112334","TC-81-1 - Création ponctuelle visible liste et détail","","Fri Oct 09 22:36:55 UTC 2026","passed","Fri Oct 09 22:38:47 UTC 2026","","TC-81-1 - Création ponctuelle visible liste et détail","TC-81-1 - Création ponctuelle visible liste et détail","TC-81-1 - Création ponctuelle visible liste et détail"
"","0","given M-1234 when formate en GBP then deux decimales et symbole livre","","Fri Oct 09 22:29:57 UTC 2026","passed","Fri Oct 09 22:29:57 UTC 2026","","com.lop.budget.util.CurrencyFormattingTest","com.lop.budget.util.CurrencyFormattingTest",""
"","0","given une part et un tout en centimes when on formate la part then pourcentage a une decimale arrondi demi vers le haut[P-01 D-100]","","Fri Oct 09 22:29:57 UTC 2026","passed","Fri Oct 09 22:29:57 UTC 2026","","com.lop.budget.util.AnalysisPercentTest","com.lop.budget.util.AnalysisPercentTest",""
"","20","R-05a - given T0, when contexte, then serie A et ouverture sur le 28 fevrier","","Fri Oct 09 22:29:51 UTC 2026","passed","Fri Oct 09 22:29:51 UTC 2026","","com.lop.budget.domain.usecase.transaction.RecurringOccurrencesContractRoomTest","com.lop.budget.domain.usecase.transaction.RecurringOccurrencesContractRoomTest",""
"","38","R-03 couleur - given A observe when la couleur devient 0xFFF44336 then elle est exposee","","Fri Oct 09 22:29:52 UTC 2026","passed","Fri Oct 09 22:29:52 UTC 2026","","com.lop.budget.ui.screens.accounts.AccountsObservationRoomTest","com.lop.budget.ui.screens.accounts.AccountsObservationRoomTest",""
"","0","given une part et un tout en centimes when on formate la part then pourcentage a une decimale arrondi demi vers le haut[P-02 D-DEMI-BAS]","","Fri Oct 09 22:29:57 UTC 2026","passed","Fri Oct 09 22:29:57 UTC 2026","","com.lop.budget.util.AnalysisPercentTest","com.lop.budget.util.AnalysisPercentTest",""
"","29","T-01 - Given une depense utilisee - When on tente le type revenu - Then refus CategoryInUse et rien n'est ecrit (CA-12, I-6)","","Fri Oct 09 22:29:46 UTC 2026","passed","Fri Oct 09 22:29:46 UTC 2026","","com.lop.budget.domain.usecase.category.CategoryCrudPersistenceTest","com.lop.budget.domain.usecase.category.CategoryCrudPersistenceTest",""
"","118","T-05 - given le jeu complet when on interroge la recherche then aucun ajustement ne remonte","","Fri Oct 09 22:29:37 UTC 2026","passed","Fri Oct 09 22:29:37 UTC 2026","","com.lop.budget.data.repository.AdjustmentVisibilityRoomTest","com.lop.budget.data.repository.AdjustmentVisibilityRoomTest",""
"","7","T-03 - Given C-1 deja a 100 000 - When adjust vise 100 000 deux fois - Then NoChange et aucune ecriture","","Fri Oct 09 22:29:45 UTC 2026","passed","Fri Oct 09 22:29:45 UTC 2026","","com.lop.budget.domain.usecase.account.AdjustBalanceCreationTest","com.lop.budget.domain.usecase.account.AdjustBalanceCreationTest",""
"","4","S-20 - FUTURE sans serie - lecture seule et retour id entrant","","Fri Oct 09 22:29:48 UTC 2026","passed","Fri Oct 09 22:29:48 UTC 2026","","com.lop.budget.domain.usecase.transaction.EditTransactionWithScopeUseCaseTest","com.lop.budget.domain.usecase.transaction.EditTransactionWithScopeUseCaseTest",""
"","46","T-01a - given le jeu complet when on lit le solde de A then les ajustements y entrent","","Fri Oct 09 22:29:37 UTC 2026","passed","Fri Oct 09 22:29:37 UTC 2026","","com.lop.budget.data.repository.AdjustmentVisibilityRoomTest","com.lop.budget.data.repository.AdjustmentVisibilityRoomTest",""
"","4","A-04a - Given montant absent - When save - Then aucune ecriture et erreur sur le montant (CA-04, I-1)","","Fri Oct 09 22:29:55 UTC 2026","passed","Fri Oct 09 22:29:55 UTC 2026","","com.lop.budget.ui.screens.transaction.TransactionEditViewModelCreateTest","com.lop.budget.ui.screens.transaction.TransactionEditViewModelCreateTest",""
"","45","P-03 - Given the same february slot deleted twice, When the intention is repeated, Then deletion stays idempotent","","Fri Oct 09 22:29:42 UTC 2026","passed","Fri Oct 09 22:29:42 UTC 2026","","com.lop.budget.data.repository.RecurringDeletionRepositoryTest","com.lop.budget.data.repository.RecurringDeletionRepositoryTest",""
"","4","T-01 - Given P-OK en attente et compte par defaut defini - When onAccept - Then un seul effet OpenEdition et aucune ecriture (CA-16, I-1)","","Fri Oct 09 22:29:54 UTC 2026","passed","Fri Oct 09 22:29:54 UTC 2026","","com.lop.budget.ui.screens.detected.DetectedInboxTest","com.lop.budget.ui.screens.detected.DetectedInboxTest",""
"","47","P-08 - Given the punctual transaction, When it is soft deleted, Then only it disappears and no series is modified","","Fri Oct 09 22:29:42 UTC 2026","passed","Fri Oct 09 22:29:42 UTC 2026","","com.lop.budget.data.repository.RecurringDeletionRepositoryTest","com.lop.budget.data.repository.RecurringDeletionRepositoryTest",""
"","3","M-13 - State reset timing check","","Fri Oct 09 22:29:52 UTC 2026","passed","Fri Oct 09 22:29:52 UTC 2026","","com.lop.budget.ui.common.TC_33_ContextualDeletionMappingTest","com.lop.budget.ui.common.TC_33_ContextualDeletionMappingTest",""
"","3","G-03 sauter - given Y29, when fenetre 2024 a 2028, then 29 fevrier 2024 et 29 fevrier 2028","","Fri Oct 09 22:29:45 UTC 2026","passed","Fri Oct 09 22:29:45 UTC 2026","","com.lop.budget.domain.RecurrenceMissingDayTest","com.lop.budget.domain.RecurrenceMissingDayTest",""
"","2","given texte numerique a point when recherche then le meme ensemble qu a virgule","","Fri Oct 09 22:29:51 UTC 2026","passed","Fri Oct 09 22:29:51 UTC 2026","","com.lop.budget.domain.usecase.transaction.SearchTransactionsTextTest","com.lop.budget.domain.usecase.transaction.SearchTransactionsTextTest",""
"","8","M-01b - given Depenses mars when on applique 30 au 31 mars then bornes 30 mars 00h00 000 et 31 mars 23h59 999","","Fri Oct 09 22:29:54 UTC 2026","failed","Fri Oct 09 22:29:54 UTC 2026","","com.lop.budget.ui.screens.monthly.MonthlyAnalysisStateTest","com.lop.budget.ui.screens.monthly.MonthlyAnalysisStateTest",""
"","1","given un nom accentue when recherche avec et sans accent then meme resultat","","Fri Oct 09 22:29:45 UTC 2026","passed","Fri Oct 09 22:29:45 UTC 2026","","com.lop.budget.domain.model.CurrencyCatalogTest","com.lop.budget.domain.model.CurrencyCatalogTest",""
"","11","V-04f - given fevrier, when 28 unique selectionne et revalide comme depart, then retour au depart","","Fri Oct 09 22:29:53 UTC 2026","passed","Fri Oct 09 22:29:53 UTC 2026","","com.lop.budget.ui.screens.calendar.SeriesCalendarViewModelTest","com.lop.budget.ui.screens.calendar.SeriesCalendarViewModelTest",""
"","6","A-02 - Given handle type INCOME - When init - Then type INCOME et memes defauts qu'en A-01 (CA-01)","","Fri Oct 09 22:29:55 UTC 2026","passed","Fri Oct 09 22:29:55 UTC 2026","","com.lop.budget.ui.screens.transaction.TransactionEditViewModelCreateTest","com.lop.budget.ui.screens.transaction.TransactionEditViewModelCreateTest",""
"","51","T-03a - given le jeu complet when on liste mars pour A then aucun ajustement ne remonte","","Fri Oct 09 22:29:37 UTC 2026","passed","Fri Oct 09 22:29:37 UTC 2026","","com.lop.budget.data.repository.AdjustmentVisibilityRoomTest","com.lop.budget.data.repository.AdjustmentVisibilityRoomTest",""
"","5","S-06 - Given persisted transaction linked to goal, When deleted, Then reloaded goal is synchronized","","Fri Oct 09 22:29:52 UTC 2026","passed","Fri Oct 09 22:29:52 UTC 2026","","com.lop.budget.domain.usecase.transaction.SoftDeleteTransactionOccurrenceUseCaseTest","com.lop.budget.domain.usecase.transaction.SoftDeleteTransactionOccurrenceUseCaseTest",""
"","5","S-02 - Given ouverture en ajout - When toggleTag Sante puis Pro - Then la selection vaut exactement ces deux identifiants (CA-02)","","Fri Oct 09 22:29:57 UTC 2026","passed","Fri Oct 09 22:29:57 UTC 2026","","com.lop.budget.ui.screens.transaction.TransactionTagSelectionTest","com.lop.budget.ui.screens.transaction.TransactionTagSelectionTest",""
"","6","T-08 - given un appel direct au use case de suppression sur un ajustement - when il s execute - then la suppression est acceptee et ciblee","","Fri Oct 09 22:29:53 UTC 2026","passed","Fri Oct 09 22:29:53 UTC 2026","","com.lop.budget.ui.screens.accounts.AdjustmentRestrictionsTest","com.lop.budget.ui.screens.accounts.AdjustmentRestrictionsTest",""
"","8","T-07 - Given TX-DUE non payee puis TX-PAY payee, When on consulte le detail, Then l'inventaire des actions suit le statut","","Fri Oct 09 22:29:54 UTC 2026","passed","Fri Oct 09 22:29:54 UTC 2026","","com.lop.budget.ui.screens.detail.TransactionDetailQuickEditTest","com.lop.budget.ui.screens.detail.TransactionDetailQuickEditTest",""
"","43","I-03 - Given creation Bancaire - When selection de BANQUE-A - Then icone de la banque","","Fri Oct 09 22:29:54 UTC 2026","passed","Fri Oct 09 22:29:54 UTC 2026","","com.lop.budget.ui.screens.manage.AccountFormRulesTest","com.lop.budget.ui.screens.manage.AccountFormRulesTest",""
"","2","given fenetre D1 D2 when filtre compte inexistant then liste vide","","Fri Oct 09 22:29:51 UTC 2026","passed","Fri Oct 09 22:29:51 UTC 2026","","com.lop.budget.domain.usecase.transaction.SearchTransactionsFiltersTest","com.lop.budget.domain.usecase.transaction.SearchTransactionsFiltersTest",""
"","3","G-07 Y100 - given annuel 29 fevrier 2096 intervalle 4, when detection, then ancrage 29 et exemple 28 fevrier 2100","","Fri Oct 09 22:29:45 UTC 2026","passed","Fri Oct 09 22:29:45 UTC 2026","","com.lop.budget.domain.RecurrenceMissingDayTest","com.lop.budget.domain.RecurrenceMissingDayTest",""
"","0","givenYearlySeriesStartedOnFeb29_whenGenerateOccurrences_thenLeapDayIsRecoveredIn2028_F05","","Fri Oct 09 22:29:45 UTC 2026","passed","Fri Oct 09 22:29:45 UTC 2026","","com.lop.budget.domain.RecurrenceEngineBoundsTest","com.lop.budget.domain.RecurrenceEngineBoundsTest",""
"","8","V-01b - given aucune echeance future, when ouverture puis prochaine echeance, then janvier et commande inerte","","Fri Oct 09 22:29:53 UTC 2026","passed","Fri Oct 09 22:29:53 UTC 2026","","com.lop.budget.ui.screens.calendar.SeriesCalendarViewModelTest","com.lop.budget.ui.screens.calendar.SeriesCalendarViewModelTest",""
"","1","G-03 dernier jour - given Y29, when fenetre 2024 a 2028, then 29 fevrier 2024, 28 fevrier 2025 a 2027, 29 fevrier 2028","","Fri Oct 09 22:29:45 UTC 2026","passed","Fri Oct 09 22:29:45 UTC 2026","","com.lop.budget.domain.RecurrenceMissingDayTest","com.lop.budget.domain.RecurrenceMissingDayTest",""
"","1","given_montant_hors_capacite_when_parse_then_rejete_avec_motif_distinct","","Fri Oct 09 22:29:52 UTC 2026","passed","Fri Oct 09 22:29:52 UTC 2026","","com.lop.budget.notifications.PaymentParsingTest","com.lop.budget.notifications.PaymentParsingTest",""
"","48","T-09 - Given l'occurrence virtuelle d'avril - When on lit son detail - Then elle porte les memes tags que la liste sans rien ecrire (CA-16, I-7, I-8)","","Fri Oct 09 22:29:44 UTC 2026","passed","Fri Oct 09 22:29:44 UTC 2026","","com.lop.budget.data.repository.TransactionTagsPersistenceTest","com.lop.budget.data.repository.TransactionTagsPersistenceTest",""
"","0","S-04 - Given C-A0 avec R10 et R20 - When calculateBalances - Then 30 centimes exacts","","Fri Oct 09 22:29:44 UTC 2026","passed","Fri Oct 09 22:29:44 UTC 2026","","com.lop.budget.domain.BalanceEngineRulesTest","com.lop.budget.domain.BalanceEngineRulesTest",""
"","1","given fenetre D1 D2 when filtre tag inexistant then liste vide","","Fri Oct 09 22:29:51 UTC 2026","passed","Fri Oct 09 22:29:51 UTC 2026","","com.lop.budget.domain.usecase.transaction.SearchTransactionsFiltersTest","com.lop.budget.domain.usecase.transaction.SearchTransactionsFiltersTest",""
"","0","given une part et un tout en centimes when on formate la part then pourcentage a une decimale arrondi demi vers le haut[P-02 D-APRES]","","Fri Oct 09 22:29:57 UTC 2026","passed","Fri Oct 09 22:29:57 UTC 2026","","com.lop.budget.util.AnalysisPercentTest","com.lop.budget.util.AnalysisPercentTest",""
"","21","T-01 - Given CPT-COURANT inclus - When exclusion du total - Then total diminue exactement de son solde","","Fri Oct 09 22:29:45 UTC 2026","passed","Fri Oct 09 22:29:45 UTC 2026","","com.lop.budget.domain.usecase.account.AccountPersistenceTest","com.lop.budget.domain.usecase.account.AccountPersistenceTest",""
"","60","M-05 - Given des rattachements designant une ligne absente - When migration 21 vers 22 - Then ils passent a NULL sans supprimer la transaction (I-5)","","Fri Oct 09 22:29:28 UTC 2026","passed","Fri Oct 09 22:29:28 UTC 2026","","com.lop.budget.data.local.GoalLoanMigrationTest","com.lop.budget.data.local.GoalLoanMigrationTest",""
"","34","L-04 - une exception deplacee sur un autre slot de la serie masque aussi ce slot","","Fri Oct 09 22:29:49 UTC 2026","passed","Fri Oct 09 22:29:49 UTC 2026","","com.lop.budget.domain.usecase.transaction.ObserveTransactionsRoomTest","com.lop.budget.domain.usecase.transaction.ObserveTransactionsRoomTest",""
"","0","given une part et un tout en centimes when on formate la part then pourcentage a une decimale arrondi demi vers le haut[P-01 D-60]","","Fri Oct 09 22:29:57 UTC 2026","passed","Fri Oct 09 22:29:57 UTC 2026","","com.lop.budget.util.AnalysisPercentTest","com.lop.budget.util.AnalysisPercentTest",""
"","6","A-07b - Given sauvegarde en vol - When second save pendant isSaving - Then une seule creation (CA-10, I-2)","","Fri Oct 09 22:29:55 UTC 2026","passed","Fri Oct 09 22:29:55 UTC 2026","","com.lop.budget.ui.screens.transaction.TransactionEditViewModelCreateTest","com.lop.budget.ui.screens.transaction.TransactionEditViewModelCreateTest",""
"","80","T-04a - given les agregats de mars en depenses when les ajustements sont inseres then ils sont identiques","","Fri Oct 09 22:29:37 UTC 2026","passed","Fri Oct 09 22:29:37 UTC 2026","","com.lop.budget.data.repository.AdjustmentVisibilityRoomTest","com.lop.budget.data.repository.AdjustmentVisibilityRoomTest",""
"","41","T-10a - given les sources de production - when on cherche le type technique hors domaine et donnees - then aucune occurrence","","Fri Oct 09 22:29:53 UTC 2026","passed","Fri Oct 09 22:29:53 UTC 2026","","com.lop.budget.ui.screens.accounts.AdjustmentRestrictionsTest","com.lop.budget.ui.screens.accounts.AdjustmentRestrictionsTest",""
"","90","D-04 - un slot soft-delete reste introuvable par les quatre acces et ne ressuscite pas","","Fri Oct 09 22:29:48 UTC 2026","passed","Fri Oct 09 22:29:49 UTC 2026","","com.lop.budget.domain.usecase.transaction.ObserveTransactionDetailRoomTest","com.lop.budget.domain.usecase.transaction.ObserveTransactionDetailRoomTest",""
"","75","M-08 - Given des series rattachees en v21 - When migration 21 vers 22 - Then elles sont renommees et assainies comme les transactions","","Fri Oct 09 22:29:28 UTC 2026","passed","Fri Oct 09 22:29:28 UTC 2026","","com.lop.budget.data.local.GoalLoanMigrationTest","com.lop.budget.data.local.GoalLoanMigrationTest",""
"","7818","M-07 - Given la base migree - When foreign_key_check est execute - Then aucune violation n est remontee (I-5)","","Fri Oct 09 22:29:28 UTC 2026","passed","Fri Oct 09 22:29:36 UTC 2026","","com.lop.budget.data.local.GoalLoanMigrationTest","com.lop.budget.data.local.GoalLoanMigrationTest",""
"","11","V-04b - given mars multiple, when E2 touchee et revalidee disponible, then ouverture de l'ID revalide 104","","Fri Oct 09 22:29:53 UTC 2026","passed","Fri Oct 09 22:29:53 UTC 2026","","com.lop.budget.ui.screens.calendar.SeriesCalendarViewModelTest","com.lop.budget.ui.screens.calendar.SeriesCalendarViewModelTest",""
"","51","given une transaction designant un objectif et un pret when elle est enregistree then les deux suivis avancent","","Fri Oct 09 22:29:41 UTC 2026","passed","Fri Oct 09 22:29:41 UTC 2026","","com.lop.budget.data.repository.GoalLoanModelPersistenceTest","com.lop.budget.data.repository.GoalLoanModelPersistenceTest",""
"","7","M-07 - given deux categories a montant egal recues Zulu puis Alpha when les lectures repondent then choix exactement Alpha puis Zulu","","Fri Oct 09 22:29:54 UTC 2026","passed","Fri Oct 09 22:29:54 UTC 2026","","com.lop.budget.ui.screens.monthly.MonthlyAnalysisStateTest","com.lop.budget.ui.screens.monthly.MonthlyAnalysisStateTest",""
"","57027","TC-35-1: Édition ponctuelle sans choix de portée","","Fri Oct 09 22:36:55 UTC 2026","passed","Fri Oct 09 22:37:52 UTC 2026","","TC-35-1: Édition ponctuelle sans choix de portée","TC-35-1: Édition ponctuelle sans choix de portée","TC-35-1: Édition ponctuelle sans choix de portée"
"","2","given texte courses et compte A et type EXPENSE when statut PAID then exactement la depense payee","","Fri Oct 09 22:29:51 UTC 2026","passed","Fri Oct 09 22:29:51 UTC 2026","","com.lop.budget.domain.usecase.transaction.SearchTransactionsFiltersTest","com.lop.budget.domain.usecase.transaction.SearchTransactionsFiltersTest",""
"","5","given texte partiellement numerique when recherche then aucune interpretation de montant","","Fri Oct 09 22:29:51 UTC 2026","passed","Fri Oct 09 22:29:51 UTC 2026","","com.lop.budget.domain.usecase.transaction.SearchTransactionsTextTest","com.lop.budget.domain.usecase.transaction.SearchTransactionsTextTest",""
"","14","A-08 - Given saisie valide - When aucun save - Then aucune ecriture en base (CA-09, I-3)","","Fri Oct 09 22:29:55 UTC 2026","passed","Fri Oct 09 22:29:55 UTC 2026","","com.lop.budget.ui.screens.transaction.TransactionEditViewModelCreateTest","com.lop.budget.ui.screens.transaction.TransactionEditViewModelCreateTest",""
"","3","given_remboursement_when_parse_then_aucune_depense","","Fri Oct 09 22:29:52 UTC 2026","passed","Fri Oct 09 22:29:52 UTC 2026","","com.lop.budget.notifications.PaymentParsingTest","com.lop.budget.notifications.PaymentParsingTest",""
"","25","R-11 - reactiver le toggle remet le compte dans le total","","Fri Oct 09 22:29:46 UTC 2026","passed","Fri Oct 09 22:29:46 UTC 2026","","com.lop.budget.domain.usecase.account.ObserveAccountBalancesRulesRoomTest","com.lop.budget.domain.usecase.account.ObserveAccountBalancesRulesRoomTest",""
"","0","given devise alternee et locale JVM modifiee when money then le rendu EUR ne bouge pas","","Fri Oct 09 22:29:57 UTC 2026","passed","Fri Oct 09 22:29:57 UTC 2026","","com.lop.budget.util.CurrencyFormattingTest","com.lop.budget.util.CurrencyFormattingTest",""
"","31770","TC-37-02: Action Rapide sur Occurrence Récurrente","","Fri Oct 09 22:36:55 UTC 2026","passed","Fri Oct 09 22:37:26 UTC 2026","","TC-37-02: Action Rapide sur Occurrence Récurrente","TC-37-02: Action Rapide sur Occurrence Récurrente","TC-37-02: Action Rapide sur Occurrence Récurrente"
"","34","given une preference avec espace when lue then repli sur EUR","","Fri Oct 09 22:29:39 UTC 2026","passed","Fri Oct 09 22:29:39 UTC 2026","","com.lop.budget.data.repository.CurrencyPreferenceTest","com.lop.budget.data.repository.CurrencyPreferenceTest",""
"","67","V-01 - given creation F, when save deux fois avant la prelecture, then une prelecture, zero ecriture, prompt sans choix actuel","","Fri Oct 09 22:29:56 UTC 2026","passed","Fri Oct 09 22:29:56 UTC 2026","","com.lop.budget.ui.screens.transaction.TransactionMissingDayDecisionTest","com.lop.budget.ui.screens.transaction.TransactionMissingDayDecisionTest",""
"","29","C-06-ALL - Given non-linked series in ALL mode, When cancelled, Then no sync call occurs","","Fri Oct 09 22:29:48 UTC 2026","passed","Fri Oct 09 22:29:48 UTC 2026","","com.lop.budget.domain.usecase.transaction.CancelRecurringSeriesUseCaseTest","com.lop.budget.domain.usecase.transaction.CancelRecurringSeriesUseCaseTest",""
"","4","W-05 - PLANNED avec paidAt renseigne - paidAt remis a null","","Fri Oct 09 22:29:48 UTC 2026","passed","Fri Oct 09 22:29:48 UTC 2026","","com.lop.budget.domain.usecase.transaction.CreateAndSaveTransactionUseCaseTest","com.lop.budget.domain.usecase.transaction.CreateAndSaveTransactionUseCaseTest",""
"","56","L-10d - fenetre reduite a un instant sur une occurrence virtuelle","","Fri Oct 09 22:29:49 UTC 2026","passed","Fri Oct 09 22:29:49 UTC 2026","","com.lop.budget.domain.usecase.transaction.ObserveTransactionsRoomTest","com.lop.budget.domain.usecase.transaction.ObserveTransactionsRoomTest",""
"","1","given_alerte_de_plafond_when_parse_then_rejete_avec_motif","","Fri Oct 09 22:29:52 UTC 2026","passed","Fri Oct 09 22:29:52 UTC 2026","","com.lop.budget.notifications.PaymentParsingTest","com.lop.budget.notifications.PaymentParsingTest",""
"","1","G-04 fenetre entiere - given M31 sauter limite 4, when 31 janvier a 31 mai, then 31 janvier et 31 mars, mai absent","","Fri Oct 09 22:29:45 UTC 2026","passed","Fri Oct 09 22:29:45 UTC 2026","","com.lop.budget.domain.RecurrenceMissingDayTest","com.lop.budget.domain.RecurrenceMissingDayTest",""
"","4","A-06 - confirmEdit serie disparue - fallbacks mais occurrence reste liee","","Fri Oct 09 22:29:52 UTC 2026","passed","Fri Oct 09 22:29:52 UTC 2026","","com.lop.budget.ui.common.TransactionActionViewModelEditMappingTest","com.lop.budget.ui.common.TransactionActionViewModelEditMappingTest",""
"","1","G-02 - given M31 sauter, when fenetre 31 janvier a 31 mai, then 31 janvier, 31 mars, 31 mai sans report","","Fri Oct 09 22:29:45 UTC 2026","passed","Fri Oct 09 22:29:45 UTC 2026","","com.lop.budget.domain.RecurrenceMissingDayTest","com.lop.budget.domain.RecurrenceMissingDayTest",""
"","37","E-05 - Given FUTURE with moved back date (1 feb to 5 feb), When executed, Then old slot is gone and new one is at 5 feb","","Fri Oct 09 22:29:43 UTC 2026","passed","Fri Oct 09 22:29:43 UTC 2026","","com.lop.budget.data.repository.RecurringEditionRepositoryTest","com.lop.budget.data.repository.RecurringEditionRepositoryTest",""
"","2","given texte numerique a virgule when recherche then exactement les lignes a 1234 centimes","","Fri Oct 09 22:29:51 UTC 2026","passed","Fri Oct 09 22:29:51 UTC 2026","","com.lop.budget.domain.usecase.transaction.SearchTransactionsTextTest","com.lop.budget.domain.usecase.transaction.SearchTransactionsTextTest",""
"","11","S-06 et S-25 - ALL virtuelle - jamais materialisee, retour id affichage","","Fri Oct 09 22:29:48 UTC 2026","passed","Fri Oct 09 22:29:48 UTC 2026","","com.lop.budget.domain.usecase.transaction.EditTransactionWithScopeUseCaseTest","com.lop.budget.domain.usecase.transaction.EditTransactionWithScopeUseCaseTest",""
"","121781","TC-35-3 - Portee FUTURE - occurrence ciblee et suivantes, passe intact","","Fri Oct 09 22:36:55 UTC 2026","passed","Fri Oct 09 22:38:56 UTC 2026","","TC-35-3 - Portee FUTURE - occurrence ciblee et suivantes, passe intact","TC-35-3 - Portee FUTURE - occurrence ciblee et suivantes, passe intact","TC-35-3 - Portee FUTURE - occurrence ciblee et suivantes, passe intact"
"","8","V-08 - given FUTURE intervalle 12 et sauter impossible, when confirmation sauter puis dernier jour, then sauter ignore et une ecriture dernier jour","","Fri Oct 09 22:29:56 UTC 2026","passed","Fri Oct 09 22:29:56 UTC 2026","","com.lop.budget.ui.screens.transaction.TransactionMissingDayDecisionTest","com.lop.budget.ui.screens.transaction.TransactionMissingDayDecisionTest",""
"","60","T-04b - given les agregats de mars en revenus when les ajustements sont inseres then le solde du mois ne bouge pas","","Fri Oct 09 22:29:37 UTC 2026","passed","Fri Oct 09 22:29:37 UTC 2026","","com.lop.budget.data.repository.AdjustmentVisibilityRoomTest","com.lop.budget.data.repository.AdjustmentVisibilityRoomTest",""
"","5","M-04b - given aucune ligne ni choix when les deux lectures repondent vide then toutes les collections sont explicitement vides et total 0","","Fri Oct 09 22:29:54 UTC 2026","passed","Fri Oct 09 22:29:54 UTC 2026","","com.lop.budget.ui.screens.monthly.MonthlyAnalysisStateTest","com.lop.budget.ui.screens.monthly.MonthlyAnalysisStateTest",""
"","0","V-03 - Given une exception soft-deleted ajoutee aux virtuels - When calculateBalances - Then le solde revient au solde de depart","","Fri Oct 09 22:29:44 UTC 2026","passed","Fri Oct 09 22:29:44 UTC 2026","","com.lop.budget.domain.BalanceEngineVirtualsTest","com.lop.budget.domain.BalanceEngineVirtualsTest",""
"","77","R-06 - repasser une transaction non payee la retire du solde","","Fri Oct 09 22:29:46 UTC 2026","passed","Fri Oct 09 22:29:46 UTC 2026","","com.lop.budget.domain.usecase.account.ObserveAccountBalancesRulesRoomTest","com.lop.budget.domain.usecase.account.ObserveAccountBalancesRulesRoomTest",""
"","0","given une part et un tout en centimes when on formate la part then pourcentage a une decimale arrondi demi vers le haut[P-02 D-DEMI-HAUT]","","Fri Oct 09 22:29:57 UTC 2026","passed","Fri Oct 09 22:29:57 UTC 2026","","com.lop.budget.util.AnalysisPercentTest","com.lop.budget.util.AnalysisPercentTest",""
"","19","C-02 - Given deux tags en base - When createTag avec espaces de bord - Then le nom est persiste apres trim (CA-04, P-1)","","Fri Oct 09 22:29:56 UTC 2026","passed","Fri Oct 09 22:29:56 UTC 2026","","com.lop.budget.ui.screens.transaction.TransactionTagCreationTest","com.lop.budget.ui.screens.transaction.TransactionTagCreationTest",""
"","6","F-02 - Given l'edition d'Alimentation - When on enregistre un nom blanc - Then refus local et etat charge conserve (CA-05)","","Fri Oct 09 22:29:53 UTC 2026","passed","Fri Oct 09 22:29:53 UTC 2026","","com.lop.budget.ui.screens.category.CategoryViewModelTest","com.lop.budget.ui.screens.category.CategoryViewModelTest",""
"","26","V-04e - given fevrier, when 28 unique selectionne et revalide disponible, then ouverture de l'ID revalide 104","","Fri Oct 09 22:29:53 UTC 2026","passed","Fri Oct 09 22:29:53 UTC 2026","","com.lop.budget.ui.screens.calendar.SeriesCalendarViewModelTest","com.lop.budget.ui.screens.calendar.SeriesCalendarViewModelTest",""
"","34","R-02 LIBRE - given les lignes aux bornes du 30 au 31 mars when on applique cette periode then premiere et derniere incluses avant et apres absentes","","Fri Oct 09 22:29:54 UTC 2026","failed","Fri Oct 09 22:29:54 UTC 2026","","com.lop.budget.ui.screens.monthly.MonthlyAnalysisRoomTest","com.lop.budget.ui.screens.monthly.MonthlyAnalysisRoomTest",""
"","114326","TC-35-4 - Portee ALL, toute la serie, passe compris","","Fri Oct 09 22:36:55 UTC 2026","passed","Fri Oct 09 22:38:49 UTC 2026","","TC-35-4 - Portee ALL, toute la serie, passe compris","TC-35-4 - Portee ALL, toute la serie, passe compris","TC-35-4 - Portee ALL, toute la serie, passe compris"
"","11","M-06c - given un etat reussi avec A when la liste Paye echoue then echec criteres conserves puis retry rend A1 -3000","","Fri Oct 09 22:29:54 UTC 2026","passed","Fri Oct 09 22:29:54 UTC 2026","","com.lop.budget.ui.screens.monthly.MonthlyAnalysisStateTest","com.lop.budget.ui.screens.monthly.MonthlyAnalysisStateTest",""
"","0","S-08 - Given Del soft-deleted - When calculateBalances - Then elle n'est pas comptabilisee","","Fri Oct 09 22:29:44 UTC 2026","passed","Fri Oct 09 22:29:44 UTC 2026","","com.lop.budget.domain.BalanceEngineRulesTest","com.lop.budget.domain.BalanceEngineRulesTest",""
"","26718","TC-40-2: Marquage payé via popup long press","","Fri Oct 09 22:36:55 UTC 2026","passed","Fri Oct 09 22:37:21 UTC 2026","","TC-40-2: Marquage payé via popup long press","TC-40-2: Marquage payé via popup long press","TC-40-2: Marquage payé via popup long press"
"","59","given un pret portant trois transactions when il est supprime then les trois survivent sans rattachement","","Fri Oct 09 22:29:41 UTC 2026","passed","Fri Oct 09 22:29:41 UTC 2026","","com.lop.budget.data.repository.GoalLoanModelPersistenceTest","com.lop.budget.data.repository.GoalLoanModelPersistenceTest",""
"","27","R-01e - given la ponctuelle P, when apercu, then null et pas une liste vide","","Fri Oct 09 22:29:51 UTC 2026","passed","Fri Oct 09 22:29:51 UTC 2026","","com.lop.budget.domain.usecase.transaction.RecurringOccurrencesContractRoomTest","com.lop.budget.domain.usecase.transaction.RecurringOccurrencesContractRoomTest",""
"","40","given une preference vide when lue then repli sur EUR","","Fri Oct 09 22:29:39 UTC 2026","passed","Fri Oct 09 22:29:39 UTC 2026","","com.lop.budget.data.repository.CurrencyPreferenceTest","com.lop.budget.data.repository.CurrencyPreferenceTest",""
"","40","E-12 - Given ALL edition equal to series values, When executed, Then existing exceptions are strictly unchanged","","Fri Oct 09 22:29:43 UTC 2026","passed","Fri Oct 09 22:29:43 UTC 2026","","com.lop.budget.data.repository.RecurringEditionRepositoryTest","com.lop.budget.data.repository.RecurringEditionRepositoryTest",""
"","21","M-01g - given un modele dont statut categorie et periode ont change when on ouvre un modele neuf then il repart de Tous sans categorie sur mars","","Fri Oct 09 22:29:54 UTC 2026","passed","Fri Oct 09 22:29:54 UTC 2026","","com.lop.budget.ui.screens.monthly.MonthlyAnalysisStateTest","com.lop.budget.ui.screens.monthly.MonthlyAnalysisStateTest",""
"","114","given M-1234 when formate en quatre devises then aucune conversion du montant","","Fri Oct 09 22:29:57 UTC 2026","passed","Fri Oct 09 22:29:57 UTC 2026","","com.lop.budget.util.CurrencyFormattingTest","com.lop.budget.util.CurrencyFormattingTest",""
"","27","T-04 - Given une ponctuelle liee a Sante et Pro - When on retire Sante et ajoute Vacances - Then la jointure vaut exactement Pro et Vacances (CA-10, I-4)","","Fri Oct 09 22:29:44 UTC 2026","passed","Fri Oct 09 22:29:44 UTC 2026","","com.lop.budget.data.repository.TransactionTagsPersistenceTest","com.lop.budget.data.repository.TransactionTagsPersistenceTest",""
"","19","E-03 - Given l'etat d'E-02 - When seconde sauvegarde au meme solde - Then aucun nouvel ajustement et date intacte","","Fri Oct 09 22:29:45 UTC 2026","passed","Fri Oct 09 22:29:45 UTC 2026","","com.lop.budget.domain.usecase.account.AccountPersistenceTest","com.lop.budget.domain.usecase.account.AccountPersistenceTest",""
"","51","given une transaction rattachee au seul objectif when elle est enregistree then le lien de pret reste nul","","Fri Oct 09 22:29:41 UTC 2026","passed","Fri Oct 09 22:29:41 UTC 2026","","com.lop.budget.data.repository.GoalLoanModelPersistenceTest","com.lop.budget.data.repository.GoalLoanModelPersistenceTest",""
"","15","C-01 - Given base vide - When creation de CPT-COURANT au nom borde d'espaces - Then une ligne aux onze champs et nom trime","","Fri Oct 09 22:29:45 UTC 2026","passed","Fri Oct 09 22:29:45 UTC 2026","","com.lop.budget.domain.usecase.account.AccountPersistenceTest","com.lop.budget.domain.usecase.account.AccountPersistenceTest",""
"","115799","TC-117-1 - Detail, titre, informations affichees, pattern des modifications rapides","","Fri Oct 09 22:36:55 UTC 2026","passed","Fri Oct 09 22:38:50 UTC 2026","","TC-117-1 - Detail, titre, informations affichees, pattern des modifications rapides","TC-117-1 - Detail, titre, informations affichees, pattern des modifications rapides","TC-117-1 - Detail, titre, informations affichees, pattern des modifications rapides"
"","24","given une transaction sans compte when la liste est filtree sur un compte reel then elle est exclue","","Fri Oct 09 22:29:44 UTC 2026","passed","Fri Oct 09 22:29:44 UTC 2026","","com.lop.budget.data.repository.TransactionWithoutAccountTest","com.lop.budget.data.repository.TransactionWithoutAccountTest",""
"","24","T-02 - Given une ponctuelle deja enregistree avec deux tags - When on la re-enregistre a l'identique - Then aucun doublon de jointure (CA-07, I-3)","","Fri Oct 09 22:29:44 UTC 2026","passed","Fri Oct 09 22:29:44 UTC 2026","","com.lop.budget.data.repository.TransactionTagsPersistenceTest","com.lop.budget.data.repository.TransactionTagsPersistenceTest",""
"","1","G-07 mensuel au 28 - given debut 28 janvier, when detection, then null","","Fri Oct 09 22:29:45 UTC 2026","passed","Fri Oct 09 22:29:45 UTC 2026","","com.lop.budget.domain.RecurrenceMissingDayTest","com.lop.budget.domain.RecurrenceMissingDayTest",""
"","4","S-01 - Given trois tags disponibles et ouverture en ajout - When on lit la liste sous abonnement - Then exactement trois entrees sans doublon et aucune preselection (CA-01)","","Fri Oct 09 22:29:57 UTC 2026","passed","Fri Oct 09 22:29:57 UTC 2026","","com.lop.budget.ui.screens.transaction.TransactionTagSelectionTest","com.lop.budget.ui.screens.transaction.TransactionTagSelectionTest",""
"","1","G-10 limite 4 - given M31 sauter, when 2 prochaines apres 31 janvier, then 31 mars seul","","Fri Oct 09 22:29:45 UTC 2026","passed","Fri Oct 09 22:29:45 UTC 2026","","com.lop.budget.domain.RecurrenceMissingDayTest","com.lop.budget.domain.RecurrenceMissingDayTest",""
"","1181","given une preference inconnue when lue then repli sur EUR","","Fri Oct 09 22:29:39 UTC 2026","passed","Fri Oct 09 22:29:40 UTC 2026","","com.lop.budget.data.repository.CurrencyPreferenceTest","com.lop.budget.data.repository.CurrencyPreferenceTest",""
"","1","given des codes exacts ou approchants when byCode then seul le code exact est reconnu","","Fri Oct 09 22:29:45 UTC 2026","passed","Fri Oct 09 22:29:45 UTC 2026","","com.lop.budget.domain.model.CurrencyCatalogTest","com.lop.budget.domain.model.CurrencyCatalogTest",""
"","4","M-12 - Double confirmDelete only calls use case once","","Fri Oct 09 22:29:52 UTC 2026","passed","Fri Oct 09 22:29:52 UTC 2026","","com.lop.budget.ui.common.TC_33_ContextualDeletionMappingTest","com.lop.budget.ui.common.TC_33_ContextualDeletionMappingTest",""
"","25","R-06e - given T0 comme cible et comme depart, when resolution, then Start","","Fri Oct 09 22:29:51 UTC 2026","passed","Fri Oct 09 22:29:51 UTC 2026","","com.lop.budget.domain.usecase.transaction.RecurringOccurrencesContractRoomTest","com.lop.budget.domain.usecase.transaction.RecurringOccurrencesContractRoomTest",""
"","41","D-01 - Given une categorie non utilisee - When on la supprime - Then elle disparait et rien d'autre ne change (CA-06, I-1)","","Fri Oct 09 22:29:46 UTC 2026","passed","Fri Oct 09 22:29:46 UTC 2026","","com.lop.budget.domain.usecase.category.CategoryCrudPersistenceTest","com.lop.budget.domain.usecase.category.CategoryCrudPersistenceTest",""
"","0","givenWindowReducedToASingleInstantOnASlot_whenGenerateOccurrences_thenReturnsThatSingleSlot_F02","","Fri Oct 09 22:29:45 UTC 2026","passed","Fri Oct 09 22:29:45 UTC 2026","","com.lop.budget.domain.RecurrenceEngineBoundsTest","com.lop.budget.domain.RecurrenceEngineBoundsTest",""
"","0","G-09 - given Y29, when report depuis 28 fevrier 2025, then 29","","Fri Oct 09 22:29:45 UTC 2026","passed","Fri Oct 09 22:29:45 UTC 2026","","com.lop.budget.domain.RecurrenceMissingDayTest","com.lop.budget.domain.RecurrenceMissingDayTest",""
"","53","E-13 - Given series with endDate and tombstone in march, When endDate is removed in ALL, Then march slot remains deleted","","Fri Oct 09 22:29:43 UTC 2026","passed","Fri Oct 09 22:29:43 UTC 2026","","com.lop.budget.data.repository.RecurringEditionRepositoryTest","com.lop.budget.data.repository.RecurringEditionRepositoryTest",""
"","45","D-10a - remplacer les tags de la serie actualise la liste et le detail deja ouverts","","Fri Oct 09 22:29:48 UTC 2026","passed","Fri Oct 09 22:29:49 UTC 2026","","com.lop.budget.domain.usecase.transaction.ObserveTransactionDetailRoomTest","com.lop.budget.domain.usecase.transaction.ObserveTransactionDetailRoomTest",""
"","52","R-02 MOIS - given les lignes aux bornes de mars when on ouvre l'analyse then premiere et derniere incluses avant et apres absentes et tri persistees puis virtuelle","","Fri Oct 09 22:29:54 UTC 2026","failed","Fri Oct 09 22:29:54 UTC 2026","","com.lop.budget.ui.screens.monthly.MonthlyAnalysisRoomTest","com.lop.budget.ui.screens.monthly.MonthlyAnalysisRoomTest",""
"","0","S-01 - Given C-A sans transaction - When calculateBalances - Then le solde vaut le solde de depart","","Fri Oct 09 22:29:44 UTC 2026","passed","Fri Oct 09 22:29:44 UTC 2026","","com.lop.budget.domain.BalanceEngineRulesTest","com.lop.budget.domain.BalanceEngineRulesTest",""
"","6","D-01 - Given edition de CPT-EDITE - When saisie d'un nouveau solde - Then derniere correction inchangee","","Fri Oct 09 22:29:54 UTC 2026","passed","Fri Oct 09 22:29:54 UTC 2026","","com.lop.budget.ui.screens.manage.AccountFormRulesTest","com.lop.budget.ui.screens.manage.AccountFormRulesTest",""
"","11","C-06-FUTURE - Given non-linked series in FUTURE mode, When cancelled, Then no sync call occurs","","Fri Oct 09 22:29:48 UTC 2026","passed","Fri Oct 09 22:29:48 UTC 2026","","com.lop.budget.domain.usecase.transaction.CancelRecurringSeriesUseCaseTest","com.lop.budget.domain.usecase.transaction.CancelRecurringSeriesUseCaseTest",""
"","4","V-02 EUR - given S1 et devise EUR when chargement reussi then exactement A, B, C conserves, D absent, total 8000","","Fri Oct 09 22:29:53 UTC 2026","passed","Fri Oct 09 22:29:53 UTC 2026","","com.lop.budget.ui.screens.accounts.AccountsStateTest","com.lop.budget.ui.screens.accounts.AccountsStateTest",""
"","1","given une part et un tout en centimes when on formate la part then pourcentage a une decimale arrondi demi vers le haut[P-01 D-40]","","Fri Oct 09 22:29:57 UTC 2026","passed","Fri Oct 09 22:29:57 UTC 2026","","com.lop.budget.util.AnalysisPercentTest","com.lop.budget.util.AnalysisPercentTest",""
"","53","given un pret portant trois rattachements when il est archive then rien n est supprime","","Fri Oct 09 22:29:41 UTC 2026","passed","Fri Oct 09 22:29:41 UTC 2026","","com.lop.budget.data.repository.GoalLoanModelPersistenceTest","com.lop.budget.data.repository.GoalLoanModelPersistenceTest",""
"","21","R-03 banque retiree - given A observe when la banque est retiree then aucune banque n'est exposee","","Fri Oct 09 22:29:52 UTC 2026","passed","Fri Oct 09 22:29:52 UTC 2026","","com.lop.budget.ui.screens.accounts.AccountsObservationRoomTest","com.lop.budget.ui.screens.accounts.AccountsObservationRoomTest",""
"","54","D-07 - deux series au meme slot resolvent chacune ses propres valeurs","","Fri Oct 09 22:29:48 UTC 2026","passed","Fri Oct 09 22:29:49 UTC 2026","","com.lop.budget.domain.usecase.transaction.ObserveTransactionDetailRoomTest","com.lop.budget.domain.usecase.transaction.ObserveTransactionDetailRoomTest",""
"","7","S-01 - Given une selection Sante et Pro - When on supprime Sante du referentiel - Then la selection vaut exactement Pro (CA-08)","","Fri Oct 09 22:29:55 UTC 2026","passed","Fri Oct 09 22:29:55 UTC 2026","","com.lop.budget.ui.screens.transaction.TransactionEditDeleteTagSelectionTest","com.lop.budget.ui.screens.transaction.TransactionEditDeleteTagSelectionTest",""
"","21","R-10 janvier a mai - given S31 sauter limite 4, when liste, then 31 janvier et 31 mars, rien en base","","Fri Oct 09 22:29:50 UTC 2026","passed","Fri Oct 09 22:29:50 UTC 2026","","com.lop.budget.domain.usecase.transaction.RecurringMissingDayRoomTest","com.lop.budget.domain.usecase.transaction.RecurringMissingDayRoomTest",""
"","4","M-02c - given A1 et une ligne sans categorie when les deux lectures repondent then total -4000 A 3000 0,75 et Sans categorie 1000 0,25","","Fri Oct 09 22:29:54 UTC 2026","passed","Fri Oct 09 22:29:54 UTC 2026","","com.lop.budget.ui.screens.monthly.MonthlyAnalysisStateTest","com.lop.budget.ui.screens.monthly.MonthlyAnalysisStateTest",""
"","36","R-07 - given S31 avec E-FEV et X-MAR, when ALL vers sauter, then exceptions intactes, liste 31 janvier, 27 fevrier, 31 mai, details resolus","","Fri Oct 09 22:29:50 UTC 2026","passed","Fri Oct 09 22:29:50 UTC 2026","","com.lop.budget.domain.usecase.transaction.RecurringMissingDayRoomTest","com.lop.budget.domain.usecase.transaction.RecurringMissingDayRoomTest",""
"","32","U-01 - Given TAG-SANTE lie a une transaction et a une serie - When on le renomme en Medical - Then meme identifiant nouveau nom et tous les liens conserves (CA-04, I-3)","","Fri Oct 09 22:29:47 UTC 2026","passed","Fri Oct 09 22:29:47 UTC 2026","","com.lop.budget.domain.usecase.tag.TagCrudPersistenceTest","com.lop.budget.domain.usecase.tag.TagCrudPersistenceTest",""
"","6","F-02 - un compte absent des soldes retombe sur son solde initial","","Fri Oct 09 22:29:54 UTC 2026","passed","Fri Oct 09 22:29:54 UTC 2026","","com.lop.budget.ui.screens.manage.AccountFormBalanceSourceTest","com.lop.budget.ui.screens.manage.AccountFormBalanceSourceTest",""
"","44","given une transaction rattachee au seul pret when elle est enregistree then le lien d objectif reste nul","","Fri Oct 09 22:29:41 UTC 2026","passed","Fri Oct 09 22:29:41 UTC 2026","","com.lop.budget.data.repository.GoalLoanModelPersistenceTest","com.lop.budget.data.repository.GoalLoanModelPersistenceTest",""
"","2","M-04 - dismissConfirmation clears pendingConfirmation","","Fri Oct 09 22:29:52 UTC 2026","passed","Fri Oct 09 22:29:52 UTC 2026","","com.lop.budget.ui.common.TC_33_ContextualDeletionMappingTest","com.lop.budget.ui.common.TC_33_ContextualDeletionMappingTest",""
"","5","V-02 dernier jour - given prompt de creation, when confirmation double, then une ecriture Create avec ce choix et un callback","","Fri Oct 09 22:29:56 UTC 2026","passed","Fri Oct 09 22:29:56 UTC 2026","","com.lop.budget.ui.screens.transaction.TransactionMissingDayDecisionTest","com.lop.budget.ui.screens.transaction.TransactionMissingDayDecisionTest",""
"","28","R-09b - given E1 deja supprimee, when lectures neuves, then memes ensembles que R-08","","Fri Oct 09 22:29:51 UTC 2026","passed","Fri Oct 09 22:29:51 UTC 2026","","com.lop.budget.domain.usecase.transaction.RecurringOccurrencesContractRoomTest","com.lop.budget.domain.usecase.transaction.RecurringOccurrencesContractRoomTest",""
"","62","given un montant de 123 euros 45 when la colonne est relue then elle vaut 12345 en entier","","Fri Oct 09 22:29:41 UTC 2026","passed","Fri Oct 09 22:29:41 UTC 2026","","com.lop.budget.data.repository.GoalLoanModelPersistenceTest","com.lop.budget.data.repository.GoalLoanModelPersistenceTest",""
"","1","given codes hors catalogue when money then ni exception ni sortie vide","","Fri Oct 09 22:29:57 UTC 2026","passed","Fri Oct 09 22:29:57 UTC 2026","","com.lop.budget.util.CurrencyFormattingTest","com.lop.budget.util.CurrencyFormattingTest",""
"","77581","TC-100-1 - Vue mensuelle, aucun filtre par defaut, selection par feuille","","Fri Oct 09 22:36:55 UTC 2026","passed","Fri Oct 09 22:38:12 UTC 2026","","TC-100-1 - Vue mensuelle, aucun filtre par defaut, selection par feuille","TC-100-1 - Vue mensuelle, aucun filtre par defaut, selection par feuille","TC-100-1 - Vue mensuelle, aucun filtre par defaut, selection par feuille"
"","4","I-06 - Given icone choisie - When selection de BANQUE-B - Then icone de la nouvelle banque","","Fri Oct 09 22:29:54 UTC 2026","passed","Fri Oct 09 22:29:54 UTC 2026","","com.lop.budget.ui.screens.manage.AccountFormRulesTest","com.lop.budget.ui.screens.manage.AccountFormRulesTest",""
"","26","T-07 - Given une serie portant deux tags - When on la re-enregistre a l'identique - Then aucun doublon de lien de serie (CA-15, I-3)","","Fri Oct 09 22:29:44 UTC 2026","passed","Fri Oct 09 22:29:44 UTC 2026","","com.lop.budget.data.repository.TransactionTagsPersistenceTest","com.lop.budget.data.repository.TransactionTagsPersistenceTest",""
"","33065","TC-37-01: Edition Directe Ponctuelle","","Fri Oct 09 22:36:55 UTC 2026","passed","Fri Oct 09 22:37:28 UTC 2026","","TC-37-01: Edition Directe Ponctuelle","TC-37-01: Edition Directe Ponctuelle","TC-37-01: Edition Directe Ponctuelle"
"","53","T-06a - given le jeu complet when on lit la vue du compte A then elle expose ses ajustements et aucun autre","","Fri Oct 09 22:29:37 UTC 2026","passed","Fri Oct 09 22:29:37 UTC 2026","","com.lop.budget.data.repository.AdjustmentVisibilityRoomTest","com.lop.budget.data.repository.AdjustmentVisibilityRoomTest",""
"","1","given_releve_de_solde_when_parse_then_rejete_avec_motif","","Fri Oct 09 22:29:52 UTC 2026","passed","Fri Oct 09 22:29:52 UTC 2026","","com.lop.budget.notifications.PaymentParsingTest","com.lop.budget.notifications.PaymentParsingTest",""
"","7","F-06 - Given une categorie utilisee - When on tente le type revenu puis on enregistre - Then type verrouille et depense transmise (CA-12, I-6)","","Fri Oct 09 22:29:53 UTC 2026","passed","Fri Oct 09 22:29:53 UTC 2026","","com.lop.budget.ui.screens.category.CategoryViewModelTest","com.lop.budget.ui.screens.category.CategoryViewModelTest",""
"","43","T-05 - Given l'occurrence d'avril deja materialisee, When seconde modification rapide, Then la materialisation ne se rejoue pas","","Fri Oct 09 22:29:44 UTC 2026","passed","Fri Oct 09 22:29:44 UTC 2026","","com.lop.budget.data.repository.TransactionDetailQuickEditPersistenceTest","com.lop.budget.data.repository.TransactionDetailQuickEditPersistenceTest",""
"","12","M-06d - given un etat reussi avec A when les choix Paye echouent then echec criteres conserves puis retry rend A1 -3000","","Fri Oct 09 22:29:54 UTC 2026","passed","Fri Oct 09 22:29:54 UTC 2026","","com.lop.budget.ui.screens.monthly.MonthlyAnalysisStateTest","com.lop.budget.ui.screens.monthly.MonthlyAnalysisStateTest",""
"","52","given une progression proposee a la creation when l objectif est cree then elle n est ecrite nulle part","","Fri Oct 09 22:29:41 UTC 2026","passed","Fri Oct 09 22:29:41 UTC 2026","","com.lop.budget.data.repository.GoalLoanModelPersistenceTest","com.lop.budget.data.repository.GoalLoanModelPersistenceTest",""
"","3","C-05a - Given ponctuel avec tags et note - When invoke - Then tags et note transmis","","Fri Oct 09 22:29:52 UTC 2026","passed","Fri Oct 09 22:29:52 UTC 2026","","com.lop.budget.domain.usecase.transaction.TC_82_CreateTransactionUseCaseCreateContractTest","com.lop.budget.domain.usecase.transaction.TC_82_CreateTransactionUseCaseCreateContractTest",""
"","8","V-04 FUTURE - given serie SKIP_PERIOD, when note modifiee puis save et confirmation dernier jour, then prelecture Edit exacte, choix actuel SKIP, une ecriture Edit","","Fri Oct 09 22:29:56 UTC 2026","passed","Fri Oct 09 22:29:56 UTC 2026","","com.lop.budget.ui.screens.transaction.TransactionMissingDayDecisionTest","com.lop.budget.ui.screens.transaction.TransactionMissingDayDecisionTest",""
"","26","R-06 - given S31 dernier jour, when SINGLE sur le 31 mars avec choix sauter transmis, then serie strictement inchangee et une exception au 31 mars","","Fri Oct 09 22:29:50 UTC 2026","passed","Fri Oct 09 22:29:50 UTC 2026","","com.lop.budget.domain.usecase.transaction.RecurringMissingDayRoomTest","com.lop.budget.domain.usecase.transaction.RecurringMissingDayRoomTest",""
"","4","M-01a - given Depenses mars when on ouvre l'analyse then Tous sans categorie et bornes du mois de 00h00 000 a 23h59 999","","Fri Oct 09 22:29:54 UTC 2026","failed","Fri Oct 09 22:29:54 UTC 2026","","com.lop.budget.ui.screens.monthly.MonthlyAnalysisStateTest","com.lop.budget.ui.screens.monthly.MonthlyAnalysisStateTest",""
"","0","G-05 sauter - given M31 sans limite, when detection, then meme resultat que dernier jour","","Fri Oct 09 22:29:45 UTC 2026","passed","Fri Oct 09 22:29:45 UTC 2026","","com.lop.budget.domain.RecurrenceMissingDayTest","com.lop.budget.domain.RecurrenceMissingDayTest",""
"","59","A-02 - Given CPT-COURANT archive - When desarchivage - Then total reaugmente du meme montant","","Fri Oct 09 22:29:45 UTC 2026","passed","Fri Oct 09 22:29:45 UTC 2026","","com.lop.budget.domain.usecase.account.AccountPersistenceTest","com.lop.budget.domain.usecase.account.AccountPersistenceTest",""
"","1","verify sub category icons are distinct within a parent","","Fri Oct 09 22:29:44 UTC 2026","passed","Fri Oct 09 22:29:44 UTC 2026","","com.lop.budget.data.seed.DefaultCatalogConformityTest","com.lop.budget.data.seed.DefaultCatalogConformityTest",""
"","0","S-12 - Given AdjM ajustement en depense - When calculateBalances - Then il diminue le solde","","Fri Oct 09 22:29:44 UTC 2026","passed","Fri Oct 09 22:29:44 UTC 2026","","com.lop.budget.domain.BalanceEngineRulesTest","com.lop.budget.domain.BalanceEngineRulesTest",""
"","31","given deux propositions detectees a trente jours d ecart when elles sont enregistrees ensemble then chaque date suit sa propre detection","","Fri Oct 09 22:29:50 UTC 2026","passed","Fri Oct 09 22:29:50 UTC 2026","","com.lop.budget.domain.usecase.transaction.ProposalDetectionDateTest","com.lop.budget.domain.usecase.transaction.ProposalDetectionDateTest",""
"","288","given une devise deja selectionnee when re-selectionnee then ecriture idempotente","","Fri Oct 09 22:29:39 UTC 2026","passed","Fri Oct 09 22:29:39 UTC 2026","","com.lop.budget.data.repository.CurrencyPreferenceTest","com.lop.budget.data.repository.CurrencyPreferenceTest",""
"","21","M-03b - given A active when on passe Paye Non paye puis Tous then -3000 A1 -1000 A2 -4000 A1 A2 et choix de base du statut","","Fri Oct 09 22:29:54 UTC 2026","passed","Fri Oct 09 22:29:54 UTC 2026","","com.lop.budget.ui.screens.monthly.MonthlyAnalysisStateTest","com.lop.budget.ui.screens.monthly.MonthlyAnalysisStateTest",""
"","24","R-01 - given la base de reference when on observe puis relit l'etat then etat de reference exact et zero ecriture","","Fri Oct 09 22:29:52 UTC 2026","passed","Fri Oct 09 22:29:52 UTC 2026","","com.lop.budget.ui.screens.accounts.AccountsObservationRoomTest","com.lop.budget.ui.screens.accounts.AccountsObservationRoomTest",""
"","59","D-06 - la borne de fin de serie ne rend pas introuvable l'exception persistee du slot","","Fri Oct 09 22:29:48 UTC 2026","passed","Fri Oct 09 22:29:49 UTC 2026","","com.lop.budget.domain.usecase.transaction.ObserveTransactionDetailRoomTest","com.lop.budget.domain.usecase.transaction.ObserveTransactionDetailRoomTest",""
"","1","given_capture_google_wallet_commercant_au_titre_when_parse_then_montant_et_carte_du_texte","","Fri Oct 09 22:29:52 UTC 2026","passed","Fri Oct 09 22:29:52 UTC 2026","","com.lop.budget.notifications.PaymentParsingTest","com.lop.budget.notifications.PaymentParsingTest",""
"","45","P-02 - Given une depense sans enfant - When on lui affecte un parent de type revenu - Then refus ParentTypeMismatch et rien n'est ecrit (CA-10, I-5)","","Fri Oct 09 22:29:46 UTC 2026","passed","Fri Oct 09 22:29:46 UTC 2026","","com.lop.budget.domain.usecase.category.CategoryCrudPersistenceTest","com.lop.budget.domain.usecase.category.CategoryCrudPersistenceTest",""
"","2","given texte carb when recherche then les deux titres et la note en carbe","","Fri Oct 09 22:29:51 UTC 2026","passed","Fri Oct 09 22:29:51 UTC 2026","","com.lop.budget.domain.usecase.transaction.SearchTransactionsTextTest","com.lop.budget.domain.usecase.transaction.SearchTransactionsTextTest",""
"","24","U-04 - la fin de serie borne le nombre de prochaines occurrences rendues","","Fri Oct 09 22:29:50 UTC 2026","passed","Fri Oct 09 22:29:50 UTC 2026","","com.lop.budget.domain.usecase.transaction.ObserveUpcomingOccurrencesRoomTest","com.lop.budget.domain.usecase.transaction.ObserveUpcomingOccurrencesRoomTest",""
"","30","R-09a - given E1 deja deplacee au 2 mars, when lectures neuves, then memes ensembles que R-08","","Fri Oct 09 22:29:51 UTC 2026","passed","Fri Oct 09 22:29:51 UTC 2026","","com.lop.budget.domain.usecase.transaction.RecurringOccurrencesContractRoomTest","com.lop.budget.domain.usecase.transaction.RecurringOccurrencesContractRoomTest",""
"","5","A-03 - confirmEdit changement de date rapide - date maj, slot jamais reecrit","","Fri Oct 09 22:29:52 UTC 2026","passed","Fri Oct 09 22:29:52 UTC 2026","","com.lop.budget.ui.common.TransactionActionViewModelEditMappingTest","com.lop.budget.ui.common.TransactionActionViewModelEditMappingTest",""
"","2","A-04 - Les deux messages d'erreur de montant sont des ressources distinctes","","Fri Oct 09 22:29:55 UTC 2026","passed","Fri Oct 09 22:29:55 UTC 2026","","com.lop.budget.ui.screens.transaction.TransactionEditViewModelCreateTest","com.lop.budget.ui.screens.transaction.TransactionEditViewModelCreateTest",""
"","0","B-05 - une saisie vide ou non numerique ne produit pas de montant","","Fri Oct 09 22:29:57 UTC 2026","passed","Fri Oct 09 22:29:57 UTC 2026","","com.lop.budget.util.MoneyBoundaryTest","com.lop.budget.util.MoneyBoundaryTest",""
"","39","T-04 - Given l'occurrence virtuelle d'avril de REC, When modification rapide de sa date, Then elle est materialisee une seule fois en portee SINGLE","","Fri Oct 09 22:29:44 UTC 2026","passed","Fri Oct 09 22:29:44 UTC 2026","","com.lop.budget.data.repository.TransactionDetailQuickEditPersistenceTest","com.lop.budget.data.repository.TransactionDetailQuickEditPersistenceTest",""
"","23","C-02 - Given le temoin seul - When on tente un nom vide puis un nom blanc - Then deux refus BlankName et rien n'est ecrit (CA-03)","","Fri Oct 09 22:29:46 UTC 2026","passed","Fri Oct 09 22:29:46 UTC 2026","","com.lop.budget.domain.usecase.category.CategoryCrudPersistenceTest","com.lop.budget.domain.usecase.category.CategoryCrudPersistenceTest",""
"","59","W-07c - Lien pret seul - recalcul APRES l ecriture","","Fri Oct 09 22:29:48 UTC 2026","passed","Fri Oct 09 22:29:48 UTC 2026","","com.lop.budget.domain.usecase.transaction.CreateAndSaveTransactionUseCaseTest","com.lop.budget.domain.usecase.transaction.CreateAndSaveTransactionUseCaseTest",""
"","20","N-06 - une requete vide rend une liste vide sans rien ecrire","","Fri Oct 09 22:29:51 UTC 2026","passed","Fri Oct 09 22:29:51 UTC 2026","","com.lop.budget.domain.usecase.transaction.SearchTransactionsRoomTest","com.lop.budget.domain.usecase.transaction.SearchTransactionsRoomTest",""
"","22","C-01 - Given une base sans aucun tag - When on cree un nom entoure d'espaces - Then exactement une ligne trimee avec la couleur saisie (CA-02)","","Fri Oct 09 22:29:47 UTC 2026","passed","Fri Oct 09 22:29:47 UTC 2026","","com.lop.budget.domain.usecase.tag.TagCrudPersistenceTest","com.lop.budget.domain.usecase.tag.TagCrudPersistenceTest",""
"","21","R-06c - given E1 materialisee puis supprimee, when resolution, then Unavailable","","Fri Oct 09 22:29:51 UTC 2026","passed","Fri Oct 09 22:29:51 UTC 2026","","com.lop.budget.domain.usecase.transaction.RecurringOccurrencesContractRoomTest","com.lop.budget.domain.usecase.transaction.RecurringOccurrencesContractRoomTest",""
"","2","M-05 - confirmDelete without confirmation is no-op","","Fri Oct 09 22:29:52 UTC 2026","passed","Fri Oct 09 22:29:52 UTC 2026","","com.lop.budget.ui.common.TC_33_ContextualDeletionMappingTest","com.lop.budget.ui.common.TC_33_ContextualDeletionMappingTest",""
"","4","G-11 prochaines - given ancre 31 depuis le 28 fevrier, intervalle 12, sauter, when 2 prochaines, then aucune et le calcul s'arrete","","Fri Oct 09 22:29:45 UTC 2026","passed","Fri Oct 09 22:29:45 UTC 2026","","com.lop.budget.domain.RecurrenceMissingDayTest","com.lop.budget.domain.RecurrenceMissingDayTest",""
"","0","S-19 - Given le fuseau de la JVM bascule en UTC - When calculateBalances - Then toujours 30","","Fri Oct 09 22:29:44 UTC 2026","passed","Fri Oct 09 22:29:44 UTC 2026","","com.lop.budget.domain.BalanceEngineRulesTest","com.lop.budget.domain.BalanceEngineRulesTest",""
"","44","C-10 - Given control series ID, Then no call uses the control series ID","","Fri Oct 09 22:29:48 UTC 2026","passed","Fri Oct 09 22:29:48 UTC 2026","","com.lop.budget.domain.usecase.transaction.CancelRecurringSeriesUseCaseTest","com.lop.budget.domain.usecase.transaction.CancelRecurringSeriesUseCaseTest",""
"","39","R-05c - given la serie decennale N, when contexte, apercu et resolution, then 2036 ouvrable","","Fri Oct 09 22:29:51 UTC 2026","passed","Fri Oct 09 22:29:51 UTC 2026","","com.lop.budget.domain.usecase.transaction.RecurringOccurrencesContractRoomTest","com.lop.budget.domain.usecase.transaction.RecurringOccurrencesContractRoomTest",""
"","91","M-01 - Given des objectifs en euros decimaux - When migration 21 vers 22 - Then les montants sont des centimes entiers arrondis au plus proche (CA-02, P-2)","","Fri Oct 09 22:29:28 UTC 2026","passed","Fri Oct 09 22:29:28 UTC 2026","","com.lop.budget.data.local.GoalLoanMigrationTest","com.lop.budget.data.local.GoalLoanMigrationTest",""
"","61","T-03 - Given TX-PAY en categorie C1, When modification rapide de la categorie vers C2, Then un seul appel portant C2 par la meme logique commune","","Fri Oct 09 22:29:54 UTC 2026","passed","Fri Oct 09 22:29:54 UTC 2026","","com.lop.budget.ui.screens.detail.TransactionDetailQuickEditTest","com.lop.budget.ui.screens.detail.TransactionDetailQuickEditTest",""
"","24","R-02 creation - given regle S31, when prelecture Create, then ancrage 31 et exemple 28 fevrier, rien ecrit","","Fri Oct 09 22:29:50 UTC 2026","passed","Fri Oct 09 22:29:50 UTC 2026","","com.lop.budget.domain.usecase.transaction.RecurringMissingDayRoomTest","com.lop.budget.domain.usecase.transaction.RecurringMissingDayRoomTest",""
"","48","given un pret archive when la liste des actifs est lue then elle garde les termines et exclut l archive","","Fri Oct 09 22:29:41 UTC 2026","passed","Fri Oct 09 22:29:41 UTC 2026","","com.lop.budget.data.repository.GoalLoanModelPersistenceTest","com.lop.budget.data.repository.GoalLoanModelPersistenceTest",""
"","11","V-07 - performSave en edition - Mapping exhaustif","","Fri Oct 09 22:29:55 UTC 2026","passed","Fri Oct 09 22:29:55 UTC 2026","","com.lop.budget.ui.screens.transaction.TransactionEditViewModelTest","com.lop.budget.ui.screens.transaction.TransactionEditViewModelTest",""
"","5","V-04 ALL - given serie SKIP_PERIOD, when note modifiee puis save et confirmation dernier jour, then prelecture Edit exacte, choix actuel SKIP, une ecriture Edit","","Fri Oct 09 22:29:56 UTC 2026","passed","Fri Oct 09 22:29:56 UTC 2026","","com.lop.budget.ui.screens.transaction.TransactionMissingDayDecisionTest","com.lop.budget.ui.screens.transaction.TransactionMissingDayDecisionTest",""
"","5","V-04a - given S-VIDE when chargement reussi then Loaded liste vide total 0, ni Loading ni Error","","Fri Oct 09 22:29:53 UTC 2026","passed","Fri Oct 09 22:29:53 UTC 2026","","com.lop.budget.ui.screens.accounts.AccountsStateTest","com.lop.budget.ui.screens.accounts.AccountsStateTest",""
"","15","S-16 - date reculee - pivot = slot","","Fri Oct 09 22:29:48 UTC 2026","passed","Fri Oct 09 22:29:48 UTC 2026","","com.lop.budget.domain.usecase.transaction.EditTransactionWithScopeUseCaseTest","com.lop.budget.domain.usecase.transaction.EditTransactionWithScopeUseCaseTest",""
"","25","given une transaction sans compte when le solde total est lu then elle n y entre pas non plus","","Fri Oct 09 22:29:44 UTC 2026","passed","Fri Oct 09 22:29:44 UTC 2026","","com.lop.budget.data.repository.TransactionWithoutAccountTest","com.lop.budget.data.repository.TransactionWithoutAccountTest",""
"","6","M-06a - given premiere lecture when la lecture creee en premier echoue then echec sans attente puis retry relit les memes criteres","","Fri Oct 09 22:29:54 UTC 2026","passed","Fri Oct 09 22:29:54 UTC 2026","","com.lop.budget.ui.screens.monthly.MonthlyAnalysisStateTest","com.lop.budget.ui.screens.monthly.MonthlyAnalysisStateTest",""
"","0","S-06 - Given C-A0 avec R10 R20 et D50 - When calculateBalances - Then le solde peut devenir negatif","","Fri Oct 09 22:29:44 UTC 2026","passed","Fri Oct 09 22:29:44 UTC 2026","","com.lop.budget.domain.BalanceEngineRulesTest","com.lop.budget.domain.BalanceEngineRulesTest",""
"","79","given une preference USD when depot recree then le defaut n ecrase pas le choix","","Fri Oct 09 22:29:39 UTC 2026","passed","Fri Oct 09 22:29:39 UTC 2026","","com.lop.budget.data.repository.CurrencyPreferenceTest","com.lop.budget.data.repository.CurrencyPreferenceTest",""
"","29","R-03 icone - given A observe when l'icone devient savings then elle est exposee","","Fri Oct 09 22:29:52 UTC 2026","passed","Fri Oct 09 22:29:52 UTC 2026","","com.lop.budget.ui.screens.accounts.AccountsObservationRoomTest","com.lop.budget.ui.screens.accounts.AccountsObservationRoomTest",""
"","29","R-03 - l'insertion d'une depense payee fait reemettre le solde","","Fri Oct 09 22:29:46 UTC 2026","passed","Fri Oct 09 22:29:46 UTC 2026","","com.lop.budget.domain.usecase.account.ObserveAccountBalancesRulesRoomTest","com.lop.budget.domain.usecase.account.ObserveAccountBalancesRulesRoomTest",""
"","23","C-01 - Given deux tags en base - When createTag Vacances - Then exactement un tag cree d'identifiant non nul et selectionne (CA-04)","","Fri Oct 09 22:29:56 UTC 2026","passed","Fri Oct 09 22:29:56 UTC 2026","","com.lop.budget.ui.screens.transaction.TransactionTagCreationTest","com.lop.budget.ui.screens.transaction.TransactionTagCreationTest",""
"","2","given fenetre D1 D2 when filtre categorie inexistante then liste vide","","Fri Oct 09 22:29:51 UTC 2026","passed","Fri Oct 09 22:29:51 UTC 2026","","com.lop.budget.domain.usecase.transaction.SearchTransactionsFiltersTest","com.lop.budget.domain.usecase.transaction.SearchTransactionsFiltersTest",""
"","118927","TC-81-2 - Création récurrente mensuelle, occurrence virtuelle, pas de doublon","","Fri Oct 09 22:36:55 UTC 2026","passed","Fri Oct 09 22:38:53 UTC 2026","","TC-81-2 - Création récurrente mensuelle, occurrence virtuelle, pas de doublon","TC-81-2 - Création récurrente mensuelle, occurrence virtuelle, pas de doublon","TC-81-2 - Création récurrente mensuelle, occurrence virtuelle, pas de doublon"
"","22920","TC-40-1: Marquage payé via swipe droite","","Fri Oct 09 22:36:55 UTC 2026","passed","Fri Oct 09 22:37:17 UTC 2026","","TC-40-1: Marquage payé via swipe droite","TC-40-1: Marquage payé via swipe droite","TC-40-1: Marquage payé via swipe droite"
"","37","R-03 creation - given A, B, C observes when E est cree then A, B, C, E et total 6700","","Fri Oct 09 22:29:52 UTC 2026","passed","Fri Oct 09 22:29:52 UTC 2026","","com.lop.budget.ui.screens.accounts.AccountsObservationRoomTest","com.lop.budget.ui.screens.accounts.AccountsObservationRoomTest",""
"","27","C-01 - Given une base vide - When on cree un nom entoure d'espaces - Then une seule ligne trimee aux champs saisis visible en gestion et au selecteur (CA-02)","","Fri Oct 09 22:29:46 UTC 2026","passed","Fri Oct 09 22:29:46 UTC 2026","","com.lop.budget.domain.usecase.category.CategoryCrudPersistenceTest","com.lop.budget.domain.usecase.category.CategoryCrudPersistenceTest",""
"","3","G-08 dernier jour - given C31, when fenetre 28 fevrier a 31 mai, then 28 fevrier, 31 mars, 30 avril, 31 mai","","Fri Oct 09 22:29:45 UTC 2026","passed","Fri Oct 09 22:29:45 UTC 2026","","com.lop.budget.domain.RecurrenceMissingDayTest","com.lop.budget.domain.RecurrenceMissingDayTest",""
"","28","T-10b - given les sources de production - when on cherche le calculateur de solde hors domaine et donnees - then aucune occurrence","","Fri Oct 09 22:29:53 UTC 2026","passed","Fri Oct 09 22:29:53 UTC 2026","","com.lop.budget.ui.screens.accounts.AdjustmentRestrictionsTest","com.lop.budget.ui.screens.accounts.AdjustmentRestrictionsTest",""
"","6","given fenetre D1 D2 when aucun autre critere then les deux bornes presentes et les hors-fenetre absents","","Fri Oct 09 22:29:51 UTC 2026","passed","Fri Oct 09 22:29:51 UTC 2026","","com.lop.budget.domain.usecase.transaction.SearchTransactionsFiltersTest","com.lop.budget.domain.usecase.transaction.SearchTransactionsFiltersTest",""
"","47","R-01 - Given the punctual dataset with frequency NONE, When CreateTransactionUseCase runs, Then exactly one transaction row is written without series link","","Fri Oct 09 22:29:38 UTC 2026","passed","Fri Oct 09 22:29:38 UTC 2026","","com.lop.budget.data.repository.CreateTransactionRepositoryTest","com.lop.budget.data.repository.CreateTransactionRepositoryTest",""
"","5","V-05 - given S1 affiche when S2 arrive sur la meme collecte then etat final A, C, E de S2 et aucun etat ne melange S1 et S2","","Fri Oct 09 22:29:53 UTC 2026","passed","Fri Oct 09 22:29:53 UTC 2026","","com.lop.budget.ui.screens.accounts.AccountsStateTest","com.lop.budget.ui.screens.accounts.AccountsStateTest",""
"","2","givenSeriesEndDateExactlyOnASlot_whenGenerateOccurrences_thenLastSlotIsIncluded_F03","","Fri Oct 09 22:29:45 UTC 2026","passed","Fri Oct 09 22:29:45 UTC 2026","","com.lop.budget.domain.RecurrenceEngineBoundsTest","com.lop.budget.domain.RecurrenceEngineBoundsTest",""
"","5","V-05 - Transaction ponctuelle sans serie","","Fri Oct 09 22:29:55 UTC 2026","passed","Fri Oct 09 22:29:55 UTC 2026","","com.lop.budget.ui.screens.transaction.TransactionEditViewModelTest","com.lop.budget.ui.screens.transaction.TransactionEditViewModelTest",""
"","7","V-02 - Given solde 12,3,4 - When sauvegarde - Then refus InvalidBalance expose et aucune valeur 0 transmise","","Fri Oct 09 22:29:54 UTC 2026","passed","Fri Oct 09 22:29:54 UTC 2026","","com.lop.budget.ui.screens.manage.AccountFormRulesTest","com.lop.budget.ui.screens.manage.AccountFormRulesTest",""
"","1","given un terme vide ou blanc when recherche then catalogue complet","","Fri Oct 09 22:29:45 UTC 2026","passed","Fri Oct 09 22:29:45 UTC 2026","","com.lop.budget.domain.model.CurrencyCatalogTest","com.lop.budget.domain.model.CurrencyCatalogTest",""
"","35","R-03 sauter - given S31, when FUTURE sur le 28 fevrier date inchangee, then nouvelle serie ancree au 31, calendrier 28 fevrier, 31 mars, 31 mai","","Fri Oct 09 22:29:50 UTC 2026","passed","Fri Oct 09 22:29:50 UTC 2026","","com.lop.budget.domain.usecase.transaction.RecurringMissingDayRoomTest","com.lop.budget.domain.usecase.transaction.RecurringMissingDayRoomTest",""
"","1","V-02 - Given une exception payee ajoutee aux virtuels - When calculateBalances - Then elle est comptee une seule fois","","Fri Oct 09 22:29:44 UTC 2026","passed","Fri Oct 09 22:29:44 UTC 2026","","com.lop.budget.domain.BalanceEngineVirtualsTest","com.lop.budget.domain.BalanceEngineVirtualsTest",""
"","56","given des transactions rattachees ou non when la liste d un pret est lue then elle contient exactement les siennes","","Fri Oct 09 22:29:41 UTC 2026","passed","Fri Oct 09 22:29:41 UTC 2026","","com.lop.budget.data.repository.GoalLoanModelPersistenceTest","com.lop.budget.data.repository.GoalLoanModelPersistenceTest",""
"","7","A-07 - double invocation de la meme action - une seule ecriture puis le verrou se relache","","Fri Oct 09 22:29:52 UTC 2026","passed","Fri Oct 09 22:29:52 UTC 2026","","com.lop.budget.ui.common.TransactionActionViewModelEditMappingTest","com.lop.budget.ui.common.TransactionActionViewModelEditMappingTest",""
"","4","S-27 - rattachements et tags discriminants propages en SINGLE","","Fri Oct 09 22:29:48 UTC 2026","passed","Fri Oct 09 22:29:48 UTC 2026","","com.lop.budget.domain.usecase.transaction.EditTransactionWithScopeUseCaseTest","com.lop.budget.domain.usecase.transaction.EditTransactionWithScopeUseCaseTest",""
"","29","R-01c - given A finie le 28 fevrier, when apercu depuis T0, then exactement 28 fevrier","","Fri Oct 09 22:29:51 UTC 2026","passed","Fri Oct 09 22:29:51 UTC 2026","","com.lop.budget.domain.usecase.transaction.RecurringOccurrencesContractRoomTest","com.lop.budget.domain.usecase.transaction.RecurringOccurrencesContractRoomTest",""
"","6","S-26 - ALL serie disparue - no-op et retour id entrant","","Fri Oct 09 22:29:48 UTC 2026","passed","Fri Oct 09 22:29:48 UTC 2026","","com.lop.budget.domain.usecase.transaction.EditTransactionWithScopeUseCaseTest","com.lop.budget.domain.usecase.transaction.EditTransactionWithScopeUseCaseTest",""
"","1","givenWeeklySeriesInterval1WithoutDaysOfWeek_whenGenerateOccurrences_thenReturns4ExpectedDates_G03","","Fri Oct 09 22:29:45 UTC 2026","passed","Fri Oct 09 22:29:45 UTC 2026","","com.lop.budget.domain.RecurrenceEngineGridTest","com.lop.budget.domain.RecurrenceEngineGridTest",""
"","31598","TC-40-4: Marquage payé via menu d'édition","","Fri Oct 09 22:36:55 UTC 2026","passed","Fri Oct 09 22:37:26 UTC 2026","","TC-40-4: Marquage payé via menu d'édition","TC-40-4: Marquage payé via menu d'édition","TC-40-4: Marquage payé via menu d'édition"
"","0","givenWeeklySeriesInterval2WithoutDaysOfWeek_whenGenerateOccurrences_thenReturns3ExpectedDates_G04","","Fri Oct 09 22:29:45 UTC 2026","passed","Fri Oct 09 22:29:45 UTC 2026","","com.lop.budget.domain.RecurrenceEngineGridTest","com.lop.budget.domain.RecurrenceEngineGridTest",""
"","1","T-02b - Given P-SANSCAT sans categorie suggeree - When buildEdition - Then la categorie par defaut des reglages est retenue (CA-16, I-8, P-4)","","Fri Oct 09 22:29:54 UTC 2026","passed","Fri Oct 09 22:29:54 UTC 2026","","com.lop.budget.ui.screens.detected.DetectedInboxTest","com.lop.budget.ui.screens.detected.DetectedInboxTest",""
"","42","T-10 - Given une liste et un detail deja observes - When on remplace les liens de la serie - Then les deux reemettent exactement le nouveau tag (CA-17, I-8)","","Fri Oct 09 22:29:44 UTC 2026","passed","Fri Oct 09 22:29:44 UTC 2026","","com.lop.budget.data.repository.TransactionTagsPersistenceTest","com.lop.budget.data.repository.TransactionTagsPersistenceTest",""
"","27","R-14 - inserer la transaction avant le compte donne le meme solde","","Fri Oct 09 22:29:46 UTC 2026","passed","Fri Oct 09 22:29:46 UTC 2026","","com.lop.budget.domain.usecase.account.ObserveAccountBalancesRulesRoomTest","com.lop.budget.domain.usecase.account.ObserveAccountBalancesRulesRoomTest",""
"","4","V-03 creation - given prompt, when annulation puis nouvelle soumission, then rien ecrit, formulaire intact, une nouvelle prelecture","","Fri Oct 09 22:29:56 UTC 2026","passed","Fri Oct 09 22:29:56 UTC 2026","","com.lop.budget.ui.screens.transaction.TransactionMissingDayDecisionTest","com.lop.budget.ui.screens.transaction.TransactionMissingDayDecisionTest",""
"","32","R-01 - un compte seul rend son solde de depart et la lecture ne materialise rien","","Fri Oct 09 22:29:46 UTC 2026","passed","Fri Oct 09 22:29:46 UTC 2026","","com.lop.budget.domain.usecase.account.ObserveAccountBalancesRulesRoomTest","com.lop.budget.domain.usecase.account.ObserveAccountBalancesRulesRoomTest",""
"","8","given une seconde notification identique dans la fenetre when le depot la regroupe then le use case rend Merged sans avertir","","Fri Oct 09 22:29:47 UTC 2026","passed","Fri Oct 09 22:29:47 UTC 2026","","com.lop.budget.domain.usecase.detection.HandlePaymentNotificationTest","com.lop.budget.domain.usecase.detection.HandlePaymentNotificationTest",""
"","20","O-01 - Given une base sans aucun tag - When on collecte ObserveTagsUseCase - Then la liste emise est vide et la table tags est vide (CA-01)","","Fri Oct 09 22:29:47 UTC 2026","passed","Fri Oct 09 22:29:47 UTC 2026","","com.lop.budget.domain.usecase.tag.TagCrudPersistenceTest","com.lop.budget.domain.usecase.tag.TagCrudPersistenceTest",""
"","0","given M-1234 when formate en CHF then deux decimales et symbole franc suisse","","Fri Oct 09 22:29:57 UTC 2026","passed","Fri Oct 09 22:29:57 UTC 2026","","com.lop.budget.util.CurrencyFormattingTest","com.lop.budget.util.CurrencyFormattingTest",""
"","0","G-07 quotidien hebdomadaire ponctuel - given debut 31 janvier, when detection, then null","","Fri Oct 09 22:29:45 UTC 2026","passed","Fri Oct 09 22:29:45 UTC 2026","","com.lop.budget.domain.RecurrenceMissingDayTest","com.lop.budget.domain.RecurrenceMissingDayTest",""
"","27","R-03 solde corrige - given A a 8000 when A est corrige a 12000 then A 12000, total 10000 et un seul ajustement","","Fri Oct 09 22:29:52 UTC 2026","passed","Fri Oct 09 22:29:52 UTC 2026","","com.lop.budget.ui.screens.accounts.AccountsObservationRoomTest","com.lop.budget.ui.screens.accounts.AccountsObservationRoomTest",""
"","36","R-01 sauter - given S31 creee avec tag T, when base fermee puis rouverte, then une serie SKIP_PERIOD, un lien de tag, zero transaction","","Fri Oct 09 22:29:50 UTC 2026","passed","Fri Oct 09 22:29:50 UTC 2026","","com.lop.budget.domain.usecase.transaction.RecurringMissingDayRoomTest","com.lop.budget.domain.usecase.transaction.RecurringMissingDayRoomTest",""
"","0","givenMax2AndLaterEndDate_whenGenerateOccurrences_thenMaxOccurrencesLimitsFirst_B08","","Fri Oct 09 22:29:45 UTC 2026","passed","Fri Oct 09 22:29:45 UTC 2026","","com.lop.budget.domain.RecurrenceEngineBoundsTest","com.lop.budget.domain.RecurrenceEngineBoundsTest",""
"","0","givenYearlySeriesStartedOnFeb29_whenWindowIsLimitedToLeapYear2028_thenReturnsFeb29Only_F05bis","","Fri Oct 09 22:29:45 UTC 2026","passed","Fri Oct 09 22:29:45 UTC 2026","","com.lop.budget.domain.RecurrenceEngineBoundsTest","com.lop.budget.domain.RecurrenceEngineBoundsTest",""
"","7","S-10 - Given virtual occurrence with display date change, When materialized, Then seriesDate is used","","Fri Oct 09 22:29:52 UTC 2026","passed","Fri Oct 09 22:29:52 UTC 2026","","com.lop.budget.domain.usecase.transaction.SoftDeleteTransactionOccurrenceUseCaseTest","com.lop.budget.domain.usecase.transaction.SoftDeleteTransactionOccurrenceUseCaseTest",""
"","23350","TC-29-2: BottomSheet Via Appui Long","","Fri Oct 09 22:36:55 UTC 2026","passed","Fri Oct 09 22:37:18 UTC 2026","","TC-29-2: BottomSheet Via Appui Long","TC-29-2: BottomSheet Via Appui Long","TC-29-2: BottomSheet Via Appui Long"
"","0","G-06 fin 27 fevrier - given M31, when detection, then null","","Fri Oct 09 22:29:45 UTC 2026","passed","Fri Oct 09 22:29:45 UTC 2026","","com.lop.budget.domain.RecurrenceMissingDayTest","com.lop.budget.domain.RecurrenceMissingDayTest",""
"","186","given le use case de detection when on inspecte sa signature then aucun type Android ni acces distant n y apparait","","Fri Oct 09 22:29:47 UTC 2026","passed","Fri Oct 09 22:29:47 UTC 2026","","com.lop.budget.domain.usecase.detection.HandlePaymentNotificationTest","com.lop.budget.domain.usecase.detection.HandlePaymentNotificationTest",""
"","6","V-06b - given un succes contenant A when le flux des soldes echoue then Error remplace l'ancien Loaded","","Fri Oct 09 22:29:53 UTC 2026","passed","Fri Oct 09 22:29:53 UTC 2026","","com.lop.budget.ui.screens.accounts.AccountsStateTest","com.lop.budget.ui.screens.accounts.AccountsStateTest",""
"","7","S-01 - argument seriesDate prime sur la ligne persistee","","Fri Oct 09 22:29:48 UTC 2026","passed","Fri Oct 09 22:29:48 UTC 2026","","com.lop.budget.domain.usecase.transaction.EditTransactionWithScopeUseCaseTest","com.lop.budget.domain.usecase.transaction.EditTransactionWithScopeUseCaseTest",""
"","4","I-02 - Given creation - When type Especes - Then icone de base Especes","","Fri Oct 09 22:29:54 UTC 2026","passed","Fri Oct 09 22:29:54 UTC 2026","","com.lop.budget.ui.screens.manage.AccountFormRulesTest","com.lop.budget.ui.screens.manage.AccountFormRulesTest",""
"","21","N-05 - deux recherches successives rendent le meme ensemble et n'ecrivent rien","","Fri Oct 09 22:29:51 UTC 2026","passed","Fri Oct 09 22:29:51 UTC 2026","","com.lop.budget.domain.usecase.transaction.SearchTransactionsRoomTest","com.lop.budget.domain.usecase.transaction.SearchTransactionsRoomTest",""
"","42","P-10c - Given an all scope cancellation on A, When it is applied, Then control data stays identical","","Fri Oct 09 22:29:42 UTC 2026","passed","Fri Oct 09 22:29:42 UTC 2026","","com.lop.budget.data.repository.RecurringDeletionRepositoryTest","com.lop.budget.data.repository.RecurringDeletionRepositoryTest",""
"","35","L-02 - une exception non deplacee remplace le virtuel de son slot","","Fri Oct 09 22:29:49 UTC 2026","passed","Fri Oct 09 22:29:49 UTC 2026","","com.lop.budget.domain.usecase.transaction.ObserveTransactionsRoomTest","com.lop.budget.domain.usecase.transaction.ObserveTransactionsRoomTest",""
"","45","M-10 - Confirm ALL_SERIES calls series use case with All","","Fri Oct 09 22:29:52 UTC 2026","passed","Fri Oct 09 22:29:52 UTC 2026","","com.lop.budget.ui.common.TC_33_ContextualDeletionMappingTest","com.lop.budget.ui.common.TC_33_ContextualDeletionMappingTest",""
"","58","T-07a - given le jeu complet when on inspecte la table then aucun ajustement ne porte de rattachement","","Fri Oct 09 22:29:37 UTC 2026","passed","Fri Oct 09 22:29:37 UTC 2026","","com.lop.budget.data.repository.AdjustmentVisibilityRoomTest","com.lop.budget.data.repository.AdjustmentVisibilityRoomTest",""
"","2","given texte sans accent d un tag accentue when recherche then exactement la ligne qui le porte","","Fri Oct 09 22:29:51 UTC 2026","passed","Fri Oct 09 22:29:51 UTC 2026","","com.lop.budget.domain.usecase.transaction.SearchTransactionsTextTest","com.lop.budget.domain.usecase.transaction.SearchTransactionsTextTest",""
"","32","U-03 - Given TAG-SANTE et TAG-PRO - When on tente de renommer Sante en pro - Then les deux tags restent inchanges (CA-05, I-2)","","Fri Oct 09 22:29:47 UTC 2026","passed","Fri Oct 09 22:29:47 UTC 2026","","com.lop.budget.domain.usecase.tag.TagCrudPersistenceTest","com.lop.budget.domain.usecase.tag.TagCrudPersistenceTest",""
"","37","given trois prets dans les trois statuts when ils sont relus then aucun n est ramene a un booleen","","Fri Oct 09 22:29:41 UTC 2026","passed","Fri Oct 09 22:29:41 UTC 2026","","com.lop.budget.data.repository.GoalLoanModelPersistenceTest","com.lop.budget.data.repository.GoalLoanModelPersistenceTest",""
"","5","given la detection desactivee when une notification de paiement arrive then rien n est analyse ni ecrit","","Fri Oct 09 22:29:47 UTC 2026","passed","Fri Oct 09 22:29:47 UTC 2026","","com.lop.budget.domain.usecase.detection.HandlePaymentNotificationTest","com.lop.budget.domain.usecase.detection.HandlePaymentNotificationTest",""
"","33","O-02 - Given trois parentes de deux types - When on collecte l'observation - Then trois entrees distinctes separees par type sans doublon (CA-01)","","Fri Oct 09 22:29:46 UTC 2026","passed","Fri Oct 09 22:29:46 UTC 2026","","com.lop.budget.domain.usecase.category.CategoryCrudPersistenceTest","com.lop.budget.domain.usecase.category.CategoryCrudPersistenceTest",""
"","10","V-09 - Gardes de save - Incluant accountId null","","Fri Oct 09 22:29:55 UTC 2026","passed","Fri Oct 09 22:29:55 UTC 2026","","com.lop.budget.ui.screens.transaction.TransactionEditViewModelTest","com.lop.budget.ui.screens.transaction.TransactionEditViewModelTest",""
"","4","given saisie sans accent when recherche then le titre accentue et le titre sans accent","","Fri Oct 09 22:29:51 UTC 2026","passed","Fri Oct 09 22:29:51 UTC 2026","","com.lop.budget.domain.usecase.transaction.SearchTransactionsTextTest","com.lop.budget.domain.usecase.transaction.SearchTransactionsTextTest",""
"","36","T-11 - Given l'occurrence virtuelle d'avril - When on l'edite en portee SINGLE avec les tags de la serie - Then la ligne materialisee porte exactement ces tags (CA-16, CA-17)","","Fri Oct 09 22:29:44 UTC 2026","passed","Fri Oct 09 22:29:44 UTC 2026","","com.lop.budget.data.repository.TransactionTagsPersistenceTest","com.lop.budget.data.repository.TransactionTagsPersistenceTest",""
"","35","U-01 - Given Alimentation utilisee par une transaction et une serie - When on la renomme Courses avec icone et couleur neuves - Then meme ligne et rattachements conserves (CA-04, I-2)","","Fri Oct 09 22:29:46 UTC 2026","passed","Fri Oct 09 22:29:46 UTC 2026","","com.lop.budget.domain.usecase.category.CategoryCrudPersistenceTest","com.lop.budget.domain.usecase.category.CategoryCrudPersistenceTest",""
"","1","S-15 - Given C-Off exclu du total - When calculateTotalBalance - Then il ne contribue pas mais garde son solde individuel","","Fri Oct 09 22:29:44 UTC 2026","passed","Fri Oct 09 22:29:44 UTC 2026","","com.lop.budget.domain.BalanceEngineRulesTest","com.lop.budget.domain.BalanceEngineRulesTest",""
"","2","T-04 - Given P-OK acceptee et abandonnee trois fois - When onAccept repete - Then aucune ecriture cumulee et pre-remplissage identique (CA-18, I-1, I-9)","","Fri Oct 09 22:29:54 UTC 2026","passed","Fri Oct 09 22:29:54 UTC 2026","","com.lop.budget.ui.screens.detected.DetectedInboxTest","com.lop.budget.ui.screens.detected.DetectedInboxTest",""
"","51","R-02 JOUR - given les lignes aux bornes du seul 31 mars when on applique ce jour then premiere et derniere incluses avant et apres absentes","","Fri Oct 09 22:29:54 UTC 2026","failed","Fri Oct 09 22:29:54 UTC 2026","","com.lop.budget.ui.screens.monthly.MonthlyAnalysisRoomTest","com.lop.budget.ui.screens.monthly.MonthlyAnalysisRoomTest",""
"","44","S-02 - les points d'appel du moteur sont exactement ceux declares","","Fri Oct 09 22:29:44 UTC 2026","passed","Fri Oct 09 22:29:44 UTC 2026","","com.lop.budget.domain.RecurrenceCentralizationTest","com.lop.budget.domain.RecurrenceCentralizationTest",""
"","17","V-07 - given mars et 2 mars choisis, when ViewModel detruit puis reconstruit, then mars et 2 mars relus","","Fri Oct 09 22:29:53 UTC 2026","passed","Fri Oct 09 22:29:53 UTC 2026","","com.lop.budget.ui.screens.calendar.SeriesCalendarViewModelTest","com.lop.budget.ui.screens.calendar.SeriesCalendarViewModelTest",""
"","1","given M-1234 et M-0 when formates en JPY then aucune decimale affichee","","Fri Oct 09 22:29:57 UTC 2026","passed","Fri Oct 09 22:29:57 UTC 2026","","com.lop.budget.util.CurrencyFormattingTest","com.lop.budget.util.CurrencyFormattingTest",""
"","27588","TC-109-1 - Notification de paiement -> proposition detectee","","Fri Oct 09 22:36:55 UTC 2026","passed","Fri Oct 09 22:37:22 UTC 2026","","TC-109-1 - Notification de paiement -> proposition detectee","TC-109-1 - Notification de paiement -> proposition detectee","TC-109-1 - Notification de paiement -> proposition detectee"
"","24","R-04a - Given the recurring dataset with status PLANNED, When CreateTransactionUseCase runs, Then the series exists and no persisted row of it is PAID","","Fri Oct 09 22:29:38 UTC 2026","passed","Fri Oct 09 22:29:38 UTC 2026","","com.lop.budget.data.repository.CreateTransactionRepositoryTest","com.lop.budget.data.repository.CreateTransactionRepositoryTest",""
"","15","C-01 - Given missing series, When invoked in ALL mode, Then no-op","","Fri Oct 09 22:29:48 UTC 2026","passed","Fri Oct 09 22:29:48 UTC 2026","","com.lop.budget.domain.usecase.transaction.CancelRecurringSeriesUseCaseTest","com.lop.budget.domain.usecase.transaction.CancelRecurringSeriesUseCaseTest",""
"","1","T-03b - Given edition venant d une proposition avec saisies - When shouldWarnOnExit - Then avertir (CA-17)","","Fri Oct 09 22:29:54 UTC 2026","passed","Fri Oct 09 22:29:54 UTC 2026","","com.lop.budget.ui.screens.detected.DetectedInboxTest","com.lop.budget.ui.screens.detected.DetectedInboxTest",""
"","46","T-01 - Given TX-MARS au 12 mars, When modification rapide de date au 25 mars, Then une seule ligne change et seule sa date bouge","","Fri Oct 09 22:29:44 UTC 2026","passed","Fri Oct 09 22:29:44 UTC 2026","","com.lop.budget.data.repository.TransactionDetailQuickEditPersistenceTest","com.lop.budget.data.repository.TransactionDetailQuickEditPersistenceTest",""
"","68","D-03 - l'insertion d'une exception fait basculer l'ancien ID virtuel vers l'etat persiste","","Fri Oct 09 22:29:48 UTC 2026","passed","Fri Oct 09 22:29:49 UTC 2026","","com.lop.budget.domain.usecase.transaction.ObserveTransactionDetailRoomTest","com.lop.budget.domain.usecase.transaction.ObserveTransactionDetailRoomTest",""
"","38","D-09b - une occurrence de fevrier 2100 est consultable individuellement","","Fri Oct 09 22:29:48 UTC 2026","passed","Fri Oct 09 22:29:49 UTC 2026","","com.lop.budget.domain.usecase.transaction.ObserveTransactionDetailRoomTest","com.lop.budget.domain.usecase.transaction.ObserveTransactionDetailRoomTest",""
"","0","givenWeeklySeriesInterval1WithDaysOfWeek_whenGenerateOccurrences_thenReturns4ExpectedDates_G05","","Fri Oct 09 22:29:45 UTC 2026","passed","Fri Oct 09 22:29:45 UTC 2026","","com.lop.budget.domain.RecurrenceEngineGridTest","com.lop.budget.domain.RecurrenceEngineGridTest",""
"","0","given M-1 when formate en EUR then le centime unitaire survit","","Fri Oct 09 22:29:57 UTC 2026","passed","Fri Oct 09 22:29:57 UTC 2026","","com.lop.budget.util.CurrencyFormattingTest","com.lop.budget.util.CurrencyFormattingTest",""
"","21","R-02b - given A finie le 31 janvier et E1 au 2 mars, when apercu, then exactement E1 sans virtuel","","Fri Oct 09 22:29:51 UTC 2026","passed","Fri Oct 09 22:29:51 UTC 2026","","com.lop.budget.domain.usecase.transaction.RecurringOccurrencesContractRoomTest","com.lop.budget.domain.usecase.transaction.RecurringOccurrencesContractRoomTest",""
"","7","T-07 - given un appel direct au use case de modification sur un ajustement - when la portee varie - then le refus est type et rien n est ecrit","","Fri Oct 09 22:29:53 UTC 2026","passed","Fri Oct 09 22:29:53 UTC 2026","","com.lop.budget.ui.screens.accounts.AdjustmentRestrictionsTest","com.lop.budget.ui.screens.accounts.AdjustmentRestrictionsTest",""
"","5","S-15b - statut PLANNED - paidAt existant transmis, normalisation par saveSimple","","Fri Oct 09 22:29:48 UTC 2026","passed","Fri Oct 09 22:29:48 UTC 2026","","com.lop.budget.domain.usecase.transaction.EditTransactionWithScopeUseCaseTest","com.lop.budget.domain.usecase.transaction.EditTransactionWithScopeUseCaseTest",""
"","3","given le catalogue when lu deux fois then ordre de P-3 stable et queue alphabetique","","Fri Oct 09 22:29:45 UTC 2026","passed","Fri Oct 09 22:29:45 UTC 2026","","com.lop.budget.domain.model.CurrencyCatalogTest","com.lop.budget.domain.model.CurrencyCatalogTest",""
"","6","W-01 - Creation NONE avec statut PAID - delegue a saveSimple, jamais la serie","","Fri Oct 09 22:29:48 UTC 2026","passed","Fri Oct 09 22:29:48 UTC 2026","","com.lop.budget.domain.usecase.transaction.CreateAndSaveTransactionUseCaseTest","com.lop.budget.domain.usecase.transaction.CreateAndSaveTransactionUseCaseTest",""
"","13","S-23 - ALL propagation du diff seul, personnalisations conservees","","Fri Oct 09 22:29:48 UTC 2026","passed","Fri Oct 09 22:29:48 UTC 2026","","com.lop.budget.domain.usecase.transaction.EditTransactionWithScopeUseCaseTest","com.lop.budget.domain.usecase.transaction.EditTransactionWithScopeUseCaseTest",""
"","5","V-06 NONE - given F ponctuelle, when save, then aucune prelecture, une sauvegarde, un callback","","Fri Oct 09 22:29:56 UTC 2026","passed","Fri Oct 09 22:29:56 UTC 2026","","com.lop.budget.ui.screens.transaction.TransactionMissingDayDecisionTest","com.lop.budget.ui.screens.transaction.TransactionMissingDayDecisionTest",""
"","0","S-10 - Given Fut PAID a une date future - When calculateBalances - Then elle est comptabilisee","","Fri Oct 09 22:29:44 UTC 2026","passed","Fri Oct 09 22:29:44 UTC 2026","","com.lop.budget.domain.BalanceEngineRulesTest","com.lop.budget.domain.BalanceEngineRulesTest",""
"","3","V-06 MONTHLY au 28 - given F mensuelle au 28 janvier, when save, then une prelecture nulle, une sauvegarde, un callback","","Fri Oct 09 22:29:56 UTC 2026","passed","Fri Oct 09 22:29:56 UTC 2026","","com.lop.budget.ui.screens.transaction.TransactionMissingDayDecisionTest","com.lop.budget.ui.screens.transaction.TransactionMissingDayDecisionTest",""
"","0","T-02a - Given P-OK avec categorie suggeree et reglages R-OK - When buildEdition - Then les huit champs sont ceux de la proposition et des reglages (CA-16, I-8, P-4)","","Fri Oct 09 22:29:54 UTC 2026","passed","Fri Oct 09 22:29:54 UTC 2026","","com.lop.budget.ui.screens.detected.DetectedInboxTest","com.lop.budget.ui.screens.detected.DetectedInboxTest",""
"","41","P-04 - Given a future cancellation from february, When it is applied, Then the series is truncated and only future rows are deleted","","Fri Oct 09 22:29:42 UTC 2026","passed","Fri Oct 09 22:29:42 UTC 2026","","com.lop.budget.data.repository.RecurringDeletionRepositoryTest","com.lop.budget.data.repository.RecurringDeletionRepositoryTest",""
"","25","given une proposition ecrite when la meme revient hors de la fenetre then deux propositions distinctes existent","","Fri Oct 09 22:29:42 UTC 2026","passed","Fri Oct 09 22:29:42 UTC 2026","","com.lop.budget.data.repository.ProposalPersistenceTest","com.lop.budget.data.repository.ProposalPersistenceTest",""
"","4","T-05b - given une suppression confirmee sur A-AJ1 - when le use case retourne une erreur - then l indicateur se termine quand meme","","Fri Oct 09 22:29:53 UTC 2026","passed","Fri Oct 09 22:29:53 UTC 2026","","com.lop.budget.ui.screens.accounts.AdjustmentRestrictionsTest","com.lop.budget.ui.screens.accounts.AdjustmentRestrictionsTest",""
"","5","F-01 - Given une creation - When on enregistre un nom vide puis blanc - Then refus local sans appel ni callback (CA-03)","","Fri Oct 09 22:29:53 UTC 2026","passed","Fri Oct 09 22:29:53 UTC 2026","","com.lop.budget.ui.screens.category.CategoryViewModelTest","com.lop.budget.ui.screens.category.CategoryViewModelTest",""
"","0","given M-GROS when formate en EUR then milliers separes et aucun arrondi","","Fri Oct 09 22:29:57 UTC 2026","passed","Fri Oct 09 22:29:57 UTC 2026","","com.lop.budget.util.CurrencyFormattingTest","com.lop.budget.util.CurrencyFormattingTest",""
"","30","D-08a - une transaction ponctuelle est lue avec ses propres valeurs et sans serie","","Fri Oct 09 22:29:48 UTC 2026","passed","Fri Oct 09 22:29:48 UTC 2026","","com.lop.budget.domain.usecase.transaction.ObserveTransactionDetailRoomTest","com.lop.budget.domain.usecase.transaction.ObserveTransactionDetailRoomTest",""
"","5","I-01 - Given creation de type Bancaire sans banque - When etat initial - Then icone de base Bancaire","","Fri Oct 09 22:29:54 UTC 2026","passed","Fri Oct 09 22:29:54 UTC 2026","","com.lop.budget.ui.screens.manage.AccountFormRulesTest","com.lop.budget.ui.screens.manage.AccountFormRulesTest",""
"","24","R-05 debut modifie - given SC ancree au 31, when ALL avec debut au 2 mars, then une serie sans ancrage et 2 mars, 2 avril, 2 mai","","Fri Oct 09 22:29:50 UTC 2026","passed","Fri Oct 09 22:29:50 UTC 2026","","com.lop.budget.domain.usecase.transaction.RecurringMissingDayRoomTest","com.lop.budget.domain.usecase.transaction.RecurringMissingDayRoomTest",""
"","6","V-01 - Chargement occurrence de serie en portee SINGLE - Oracle GREEN","","Fri Oct 09 22:29:55 UTC 2026","passed","Fri Oct 09 22:29:55 UTC 2026","","com.lop.budget.ui.screens.transaction.TransactionEditViewModelTest","com.lop.budget.ui.screens.transaction.TransactionEditViewModelTest",""
"","3","W-06b - Sans tag - liste vide transmise, aucun autre appel","","Fri Oct 09 22:29:48 UTC 2026","passed","Fri Oct 09 22:29:48 UTC 2026","","com.lop.budget.domain.usecase.transaction.CreateAndSaveTransactionUseCaseTest","com.lop.budget.domain.usecase.transaction.CreateAndSaveTransactionUseCaseTest",""
"","11","T-02 - Given TX-PAY sur le compte A, When modification rapide du compte vers B, Then un seul appel portant B et jamais A","","Fri Oct 09 22:29:54 UTC 2026","passed","Fri Oct 09 22:29:54 UTC 2026","","com.lop.budget.ui.screens.detail.TransactionDetailQuickEditTest","com.lop.budget.ui.screens.detail.TransactionDetailQuickEditTest",""
"","60","D-09a - une occurrence de fevrier 2000 est consultable individuellement","","Fri Oct 09 22:29:48 UTC 2026","passed","Fri Oct 09 22:29:49 UTC 2026","","com.lop.budget.domain.usecase.transaction.ObserveTransactionDetailRoomTest","com.lop.budget.domain.usecase.transaction.ObserveTransactionDetailRoomTest",""
"","6","given un terme sans correspondance when recherche then aucune ligne","","Fri Oct 09 22:29:45 UTC 2026","passed","Fri Oct 09 22:29:45 UTC 2026","","com.lop.budget.domain.model.CurrencyCatalogTest","com.lop.budget.domain.model.CurrencyCatalogTest",""
"","1","givenIntraDayWindowNotCoveringSlot_whenGenerateOccurrences_thenReturnsEmptyList_B03","","Fri Oct 09 22:29:45 UTC 2026","passed","Fri Oct 09 22:29:45 UTC 2026","","com.lop.budget.domain.RecurrenceEngineBoundsTest","com.lop.budget.domain.RecurrenceEngineBoundsTest",""
"","0","given une part et un tout en centimes when on formate la part then pourcentage a une decimale arrondi demi vers le haut[P-01 D-LOYER]","","Fri Oct 09 22:29:57 UTC 2026","passed","Fri Oct 09 22:29:57 UTC 2026","","com.lop.budget.util.AnalysisPercentTest","com.lop.budget.util.AnalysisPercentTest",""
"","2","given texte absent de tout le jeu when recherche then liste vide","","Fri Oct 09 22:29:51 UTC 2026","passed","Fri Oct 09 22:29:51 UTC 2026","","com.lop.budget.domain.usecase.transaction.SearchTransactionsTextTest","com.lop.budget.domain.usecase.transaction.SearchTransactionsTextTest",""
"","24","N-03 - une ligne soft-deletee dont le titre matche reste absente des resultats","","Fri Oct 09 22:29:51 UTC 2026","passed","Fri Oct 09 22:29:51 UTC 2026","","com.lop.budget.domain.usecase.transaction.SearchTransactionsRoomTest","com.lop.budget.domain.usecase.transaction.SearchTransactionsRoomTest",""
"","18","E-01 - Given CPT-COURANT avec deux operations - When modification sans correction de solde - Then meme compte, aucun ajustement, date intacte","","Fri Oct 09 22:29:45 UTC 2026","passed","Fri Oct 09 22:29:45 UTC 2026","","com.lop.budget.domain.usecase.account.AccountPersistenceTest","com.lop.budget.domain.usecase.account.AccountPersistenceTest",""
"","6","V-05a - given un contexte absent, when ouverture, then Unavailable et pas Loading permanent","","Fri Oct 09 22:29:53 UTC 2026","passed","Fri Oct 09 22:29:53 UTC 2026","","com.lop.budget.ui.screens.calendar.SeriesCalendarViewModelTest","com.lop.budget.ui.screens.calendar.SeriesCalendarViewModelTest",""
"","2","given fenetre D1 D2 when filtre compte A then aucune ligne du compte B","","Fri Oct 09 22:29:51 UTC 2026","passed","Fri Oct 09 22:29:51 UTC 2026","","com.lop.budget.domain.usecase.transaction.SearchTransactionsFiltersTest","com.lop.budget.domain.usecase.transaction.SearchTransactionsFiltersTest",""
"","7","I-08 - Given BANQUE-B selectionnee - When banque sans icone - Then icone conservee et sauvegarde possible","","Fri Oct 09 22:29:54 UTC 2026","passed","Fri Oct 09 22:29:54 UTC 2026","","com.lop.budget.ui.screens.manage.AccountFormRulesTest","com.lop.budget.ui.screens.manage.AccountFormRulesTest",""
"","21","V-02 - Given CPT-TEMOIN - When creation puis modification au solde 12,3,4 - Then deux refus InvalidBalance et aucune ecriture","","Fri Oct 09 22:29:45 UTC 2026","passed","Fri Oct 09 22:29:45 UTC 2026","","com.lop.budget.domain.usecase.account.AccountPersistenceTest","com.lop.budget.domain.usecase.account.AccountPersistenceTest",""
"","24","R-05 - Given the punctual dataset with one tag and a note, When CreateTransactionUseCase runs, Then the note is persisted and exactly one cross-ref targets the real id","","Fri Oct 09 22:29:38 UTC 2026","passed","Fri Oct 09 22:29:38 UTC 2026","","com.lop.budget.data.repository.CreateTransactionRepositoryTest","com.lop.budget.data.repository.CreateTransactionRepositoryTest",""
"","1","M-01 - requestDelete sets deleteRequest and calls nothing","","Fri Oct 09 22:29:52 UTC 2026","passed","Fri Oct 09 22:29:52 UTC 2026","","com.lop.budget.ui.common.TC_33_ContextualDeletionMappingTest","com.lop.budget.ui.common.TC_33_ContextualDeletionMappingTest",""
"","20","C-04 - Given deux tags en base - When createTag avec des espaces seuls - Then aucun tag cree et une erreur est exposee (CA-05)","","Fri Oct 09 22:29:56 UTC 2026","passed","Fri Oct 09 22:29:56 UTC 2026","","com.lop.budget.ui.screens.transaction.TransactionTagCreationTest","com.lop.budget.ui.screens.transaction.TransactionTagCreationTest",""
"","54","given des transactions en base when devise changee then aucune ligne modifiee","","Fri Oct 09 22:29:39 UTC 2026","passed","Fri Oct 09 22:29:39 UTC 2026","","com.lop.budget.data.repository.CurrencyPreferenceTest","com.lop.budget.data.repository.CurrencyPreferenceTest",""
"","21","R-03a - given quatre exceptions aux bornes, when mars a Paris, then b1 le 1er et b2 le 31","","Fri Oct 09 22:29:51 UTC 2026","passed","Fri Oct 09 22:29:51 UTC 2026","","com.lop.budget.domain.usecase.transaction.RecurringOccurrencesContractRoomTest","com.lop.budget.domain.usecase.transaction.RecurringOccurrencesContractRoomTest",""
"","31","R-04 - given S31, when FUTURE sur le 28 fevrier avec date saisie 2 mars, then nouvelle serie au 2 sans ancrage, 2 mars, 2 avril, 2 mai","","Fri Oct 09 22:29:50 UTC 2026","passed","Fri Oct 09 22:29:50 UTC 2026","","com.lop.budget.domain.usecase.transaction.RecurringMissingDayRoomTest","com.lop.budget.domain.usecase.transaction.RecurringMissingDayRoomTest",""
"","3","F-05 - Given Alimentation choisie comme parent - When on bascule en revenu - Then seule Salaire est proposee et la selection est effacee (CA-10, I-5)","","Fri Oct 09 22:29:53 UTC 2026","passed","Fri Oct 09 22:29:53 UTC 2026","","com.lop.budget.ui.screens.category.CategoryViewModelTest","com.lop.budget.ui.screens.category.CategoryViewModelTest",""
"","8","S-12 - ponctuelle restant ponctuelle","","Fri Oct 09 22:29:48 UTC 2026","passed","Fri Oct 09 22:29:48 UTC 2026","","com.lop.budget.domain.usecase.transaction.EditTransactionWithScopeUseCaseTest","com.lop.budget.domain.usecase.transaction.EditTransactionWithScopeUseCaseTest",""
"","31","L-10b - bornes incluses, debut physique et fin virtuelle","","Fri Oct 09 22:29:49 UTC 2026","passed","Fri Oct 09 22:29:49 UTC 2026","","com.lop.budget.domain.usecase.transaction.ObserveTransactionsRoomTest","com.lop.budget.domain.usecase.transaction.ObserveTransactionsRoomTest",""
"","0","givenWindowBeforeSeriesStart_whenGenerateOccurrences_thenReturnsEmptyList_B01","","Fri Oct 09 22:29:45 UTC 2026","passed","Fri Oct 09 22:29:45 UTC 2026","","com.lop.budget.domain.RecurrenceEngineBoundsTest","com.lop.budget.domain.RecurrenceEngineBoundsTest",""
"","50","F-03 - l'enregistrement transmet la saisie exacte au use case de sauvegarde","","Fri Oct 09 22:29:54 UTC 2026","passed","Fri Oct 09 22:29:54 UTC 2026","","com.lop.budget.ui.screens.manage.AccountFormBalanceSourceTest","com.lop.budget.ui.screens.manage.AccountFormBalanceSourceTest",""
"","3","G-06 limite 1 - given M31, when detection, then null","","Fri Oct 09 22:29:45 UTC 2026","passed","Fri Oct 09 22:29:45 UTC 2026","","com.lop.budget.domain.RecurrenceMissingDayTest","com.lop.budget.domain.RecurrenceMissingDayTest",""
"","34","P-01 - Given Alimentation qui a une sous-categorie - When on lui affecte un parent - Then refus HasChildren et rien n'est ecrit (CA-09, I-4)","","Fri Oct 09 22:29:46 UTC 2026","passed","Fri Oct 09 22:29:46 UTC 2026","","com.lop.budget.domain.usecase.category.CategoryCrudPersistenceTest","com.lop.budget.domain.usecase.category.CategoryCrudPersistenceTest",""
"","10","F-11 - Given une ecriture suspendue - When on clique deux fois puis elle reussit - Then un seul appel isSaving revient a faux et un seul callback","","Fri Oct 09 22:29:53 UTC 2026","passed","Fri Oct 09 22:29:53 UTC 2026","","com.lop.budget.ui.screens.category.CategoryViewModelTest","com.lop.budget.ui.screens.category.CategoryViewModelTest",""
"","31","R-07 - une transaction soft-deleted sort du solde mais reste en base","","Fri Oct 09 22:29:46 UTC 2026","passed","Fri Oct 09 22:29:46 UTC 2026","","com.lop.budget.domain.usecase.account.ObserveAccountBalancesRulesRoomTest","com.lop.budget.domain.usecase.account.ObserveAccountBalancesRulesRoomTest",""
"","21","R-02 planifie vers paye - given A observe when TX-PLAN est payee then A 7700 et total 5700","","Fri Oct 09 22:29:52 UTC 2026","passed","Fri Oct 09 22:29:52 UTC 2026","","com.lop.budget.ui.screens.accounts.AccountsObservationRoomTest","com.lop.budget.ui.screens.accounts.AccountsObservationRoomTest",""
"","19","given une edition sans compte when la transaction est creee then elle est persistee avec NO_ACCOUNT_ID","","Fri Oct 09 22:29:44 UTC 2026","passed","Fri Oct 09 22:29:44 UTC 2026","","com.lop.budget.data.repository.TransactionWithoutAccountTest","com.lop.budget.data.repository.TransactionWithoutAccountTest",""
"","64","M-06 - Given une transaction designant un objectif et une dette - When migration 21 vers 22 - Then les deux rattachements survivent intacts (I-1)","","Fri Oct 09 22:29:28 UTC 2026","passed","Fri Oct 09 22:29:28 UTC 2026","","com.lop.budget.data.local.GoalLoanMigrationTest","com.lop.budget.data.local.GoalLoanMigrationTest",""
"","0","givenSeriesWithoutEndAndWithoutMax_whenGeneratingASecondWindow_thenNoImplicitLimitFromFirstWindow_B05","","Fri Oct 09 22:29:45 UTC 2026","passed","Fri Oct 09 22:29:45 UTC 2026","","com.lop.budget.domain.RecurrenceEngineBoundsTest","com.lop.budget.domain.RecurrenceEngineBoundsTest",""
"","1","givenDailySeriesAcrossFallBack_whenGenerateOccurrences_thenKeepsLocalNineAmAndShifts25hThen24h_B12","","Fri Oct 09 22:29:45 UTC 2026","passed","Fri Oct 09 22:29:45 UTC 2026","","com.lop.budget.domain.RecurrenceEngineBoundsTest","com.lop.budget.domain.RecurrenceEngineBoundsTest",""
"","1","G-09 - given M31, when report depuis 28 fevrier puis 31 mars, then 31 puis null","","Fri Oct 09 22:29:45 UTC 2026","passed","Fri Oct 09 22:29:45 UTC 2026","","com.lop.budget.domain.RecurrenceMissingDayTest","com.lop.budget.domain.RecurrenceMissingDayTest",""
"","5","S-18 - date inchangee - pivot = slot","","Fri Oct 09 22:29:48 UTC 2026","passed","Fri Oct 09 22:29:48 UTC 2026","","com.lop.budget.domain.usecase.transaction.EditTransactionWithScopeUseCaseTest","com.lop.budget.domain.usecase.transaction.EditTransactionWithScopeUseCaseTest",""
"","35","L-05 - une exception ne masque jamais le virtuel d'une autre serie a la meme date","","Fri Oct 09 22:29:49 UTC 2026","passed","Fri Oct 09 22:29:49 UTC 2026","","com.lop.budget.domain.usecase.transaction.ObserveTransactionsRoomTest","com.lop.budget.domain.usecase.transaction.ObserveTransactionsRoomTest",""
"","19594","TC-40-3: Marquage payé via écran de détail","","Fri Oct 09 22:36:55 UTC 2026","passed","Fri Oct 09 22:37:14 UTC 2026","","TC-40-3: Marquage payé via écran de détail","TC-40-3: Marquage payé via écran de détail","TC-40-3: Marquage payé via écran de détail"
"","10","V-05c - given mars en erreur, when retry, then mars redemande, jour conserve et charge","","Fri Oct 09 22:29:53 UTC 2026","passed","Fri Oct 09 22:29:53 UTC 2026","","com.lop.budget.ui.screens.calendar.SeriesCalendarViewModelTest","com.lop.budget.ui.screens.calendar.SeriesCalendarViewModelTest",""
"","38","D-02 - l'exception persistee est lue avec ses propres valeurs et non celles de la serie","","Fri Oct 09 22:29:48 UTC 2026","passed","Fri Oct 09 22:29:49 UTC 2026","","com.lop.budget.domain.usecase.transaction.ObserveTransactionDetailRoomTest","com.lop.budget.domain.usecase.transaction.ObserveTransactionDetailRoomTest",""
"","6","S-07 - Given transaction linked to debt, When soft deleted, Then debt sync follows deletion","","Fri Oct 09 22:29:52 UTC 2026","passed","Fri Oct 09 22:29:52 UTC 2026","","com.lop.budget.domain.usecase.transaction.SoftDeleteTransactionOccurrenceUseCaseTest","com.lop.budget.domain.usecase.transaction.SoftDeleteTransactionOccurrenceUseCaseTest",""
"","46","P-01 - Given the virtual february occurrence of A, When it is soft deleted, Then it disappears and leaves exactly one tombstone","","Fri Oct 09 22:29:42 UTC 2026","passed","Fri Oct 09 22:29:42 UTC 2026","","com.lop.budget.data.repository.RecurringDeletionRepositoryTest","com.lop.budget.data.repository.RecurringDeletionRepositoryTest",""
"","6","G-06 limite 2 - given M31, when detection, then ancrage 31 et exemple 28 fevrier","","Fri Oct 09 22:29:45 UTC 2026","passed","Fri Oct 09 22:29:45 UTC 2026","","com.lop.budget.domain.RecurrenceMissingDayTest","com.lop.budget.domain.RecurrenceMissingDayTest",""
"","38","D-10b - renommer le compte actualise le detail et le garde coherent avec la liste","","Fri Oct 09 22:29:48 UTC 2026","passed","Fri Oct 09 22:29:49 UTC 2026","","com.lop.budget.domain.usecase.transaction.ObserveTransactionDetailRoomTest","com.lop.budget.domain.usecase.transaction.ObserveTransactionDetailRoomTest",""
"","55","T-09b - Given trois transactions en v22 - When migration 22 vers 23 - Then cardId existe et vaut nul partout (CA-08, CA-09)","","Fri Oct 09 22:29:37 UTC 2026","passed","Fri Oct 09 22:29:37 UTC 2026","","com.lop.budget.data.local.PaymentCardMigrationTest","com.lop.budget.data.local.PaymentCardMigrationTest",""
"","38","S-02 - Given CPT-COURANT supprime - When lectures filtrees par compte - Then vides et total du seul temoin","","Fri Oct 09 22:29:45 UTC 2026","passed","Fri Oct 09 22:29:45 UTC 2026","","com.lop.budget.domain.usecase.account.AccountPersistenceTest","com.lop.budget.domain.usecase.account.AccountPersistenceTest",""
"","66","given une observation ouverte when devise selectionnee then propagation sans redemarrage","","Fri Oct 09 22:29:39 UTC 2026","passed","Fri Oct 09 22:29:39 UTC 2026","","com.lop.budget.data.repository.CurrencyPreferenceTest","com.lop.budget.data.repository.CurrencyPreferenceTest",""
"","0","B-06 - l'aller-retour euros - centimes - euros est identitaire a 2 decimales","","Fri Oct 09 22:29:57 UTC 2026","passed","Fri Oct 09 22:29:57 UTC 2026","","com.lop.budget.util.MoneyBoundaryTest","com.lop.budget.util.MoneyBoundaryTest",""
"","21","R-08a - given liste ouverte sur S31 dernier jour, when choix passe a sauter, then le meme abonnement rend 31 janvier, 31 mars, 31 mai","","Fri Oct 09 22:29:50 UTC 2026","passed","Fri Oct 09 22:29:50 UTC 2026","","com.lop.budget.domain.usecase.transaction.RecurringMissingDayRoomTest","com.lop.budget.domain.usecase.transaction.RecurringMissingDayRoomTest",""
"","25","C-02 - Given base vide - When creation d'un compte Especes avec un etablissement - Then etablissement nul","","Fri Oct 09 22:29:45 UTC 2026","passed","Fri Oct 09 22:29:45 UTC 2026","","com.lop.budget.domain.usecase.account.AccountPersistenceTest","com.lop.budget.domain.usecase.account.AccountPersistenceTest",""
"","80","D-03 - Given une parente avec deux filles et des porteurs sur la parente et une fille - When on supprime la parente - Then les trois disparaissent et les porteurs survivent sans categorie (CA-15, I-1, I-7)","","Fri Oct 09 22:29:46 UTC 2026","passed","Fri Oct 09 22:29:46 UTC 2026","","com.lop.budget.domain.usecase.category.CategoryCrudPersistenceTest","com.lop.budget.domain.usecase.category.CategoryCrudPersistenceTest",""
"","70","M-02 - Given deux dettes en v21 - When migration 21 vers 22 - Then elles deviennent des prets BORROWED aux memes identifiants (P-7)","","Fri Oct 09 22:29:28 UTC 2026","passed","Fri Oct 09 22:29:28 UTC 2026","","com.lop.budget.data.local.GoalLoanMigrationTest","com.lop.budget.data.local.GoalLoanMigrationTest",""
"","30","C-03 - Given TAG-SANTE nomme Sante - When on tente de creer sante avec une autre couleur - Then l'existant est rendu inchange (CA-03)","","Fri Oct 09 22:29:47 UTC 2026","passed","Fri Oct 09 22:29:47 UTC 2026","","com.lop.budget.domain.usecase.tag.TagCrudPersistenceTest","com.lop.budget.domain.usecase.tag.TagCrudPersistenceTest",""
"","0","givenMonthlySeriesInterval1_whenGenerateOccurrences_thenReturns4ExpectedDates_G07","","Fri Oct 09 22:29:45 UTC 2026","passed","Fri Oct 09 22:29:45 UTC 2026","","com.lop.budget.domain.RecurrenceEngineGridTest","com.lop.budget.domain.RecurrenceEngineGridTest",""
"","9","T-06 - Given une sauvegarde en cours, When deux demandes coup sur coup, Then un seul appel puis le verrou se relache","","Fri Oct 09 22:29:54 UTC 2026","passed","Fri Oct 09 22:29:54 UTC 2026","","com.lop.budget.ui.screens.detail.TransactionDetailQuickEditTest","com.lop.budget.ui.screens.detail.TransactionDetailQuickEditTest",""
"","0","givenMax5AndEarlierEndDate_whenGenerateOccurrences_thenEndDateLimitsFirst_B07","","Fri Oct 09 22:29:45 UTC 2026","passed","Fri Oct 09 22:29:45 UTC 2026","","com.lop.budget.domain.RecurrenceEngineBoundsTest","com.lop.budget.domain.RecurrenceEngineBoundsTest",""
"","159","V-03b - given avril demande, when le flux courant rend fevrier, then jamais Loaded pour avril avant le vrai avril","","Fri Oct 09 22:29:53 UTC 2026","passed","Fri Oct 09 22:29:53 UTC 2026","","com.lop.budget.ui.screens.calendar.SeriesCalendarViewModelTest","com.lop.budget.ui.screens.calendar.SeriesCalendarViewModelTest",""
"","23","given une transaction sans compte when le solde du compte est lu then elle n y entre pas","","Fri Oct 09 22:29:44 UTC 2026","passed","Fri Oct 09 22:29:44 UTC 2026","","com.lop.budget.data.repository.TransactionWithoutAccountTest","com.lop.budget.data.repository.TransactionWithoutAccountTest",""
"","2","given_paiement_citant_le_solde_restant_when_parse_then_paiement_au_montant_paye","","Fri Oct 09 22:29:52 UTC 2026","passed","Fri Oct 09 22:29:52 UTC 2026","","com.lop.budget.notifications.PaymentParsingTest","com.lop.budget.notifications.PaymentParsingTest",""
"","52","S-05 - SINGLE virtuelle - materialisation avant sauvegarde, ordre verifie","","Fri Oct 09 22:29:48 UTC 2026","passed","Fri Oct 09 22:29:48 UTC 2026","","com.lop.budget.domain.usecase.transaction.EditTransactionWithScopeUseCaseTest","com.lop.budget.domain.usecase.transaction.EditTransactionWithScopeUseCaseTest",""
"","5","T-04 - given une suppression demandee sur un ajustement - when la confirmation est refusee - then rien n est supprime et l etat revient a l initial","","Fri Oct 09 22:29:53 UTC 2026","passed","Fri Oct 09 22:29:53 UTC 2026","","com.lop.budget.ui.screens.accounts.AdjustmentRestrictionsTest","com.lop.budget.ui.screens.accounts.AdjustmentRestrictionsTest",""
"","33","L-10c - fenetre reduite a un instant sur une transaction physique","","Fri Oct 09 22:29:49 UTC 2026","passed","Fri Oct 09 22:29:49 UTC 2026","","com.lop.budget.domain.usecase.transaction.ObserveTransactionsRoomTest","com.lop.budget.domain.usecase.transaction.ObserveTransactionsRoomTest",""
"","7","M-01c - given Depenses mars when on applique le seul 31 mars then bornes 31 mars 00h00 000 et 23h59 999","","Fri Oct 09 22:29:54 UTC 2026","failed","Fri Oct 09 22:29:54 UTC 2026","","com.lop.budget.ui.screens.monthly.MonthlyAnalysisStateTest","com.lop.budget.ui.screens.monthly.MonthlyAnalysisStateTest",""
"","2","given fenetre D1 D2 when filtre tag T-loisirs then exactement le cinema","","Fri Oct 09 22:29:51 UTC 2026","passed","Fri Oct 09 22:29:51 UTC 2026","","com.lop.budget.domain.usecase.transaction.SearchTransactionsFiltersTest","com.lop.budget.domain.usecase.transaction.SearchTransactionsFiltersTest",""
"","5","S-17 - date avancee - pivot = nouvelle date","","Fri Oct 09 22:29:48 UTC 2026","passed","Fri Oct 09 22:29:48 UTC 2026","","com.lop.budget.domain.usecase.transaction.EditTransactionWithScopeUseCaseTest","com.lop.budget.domain.usecase.transaction.EditTransactionWithScopeUseCaseTest",""
"","17","S-05 - Given une serie sur CPT-COURANT - When suppression du compte - Then serie detachee et serie temoin intacte","","Fri Oct 09 22:29:45 UTC 2026","passed","Fri Oct 09 22:29:45 UTC 2026","","com.lop.budget.domain.usecase.account.AccountPersistenceTest","com.lop.budget.domain.usecase.account.AccountPersistenceTest",""
"","6","T-04 - Given les trois selecteurs ouverts puis fermes, When aucune validation, Then aucune ecriture et etat inchange champ par champ","","Fri Oct 09 22:29:54 UTC 2026","passed","Fri Oct 09 22:29:54 UTC 2026","","com.lop.budget.ui.screens.detail.TransactionDetailQuickEditTest","com.lop.budget.ui.screens.detail.TransactionDetailQuickEditTest",""
"","17","M-03a - given F-ALL when on choisit A puis B puis retape B then active A B null et appels portant exactement cette categorie","","Fri Oct 09 22:29:54 UTC 2026","passed","Fri Oct 09 22:29:54 UTC 2026","","com.lop.budget.ui.screens.monthly.MonthlyAnalysisStateTest","com.lop.budget.ui.screens.monthly.MonthlyAnalysisStateTest",""
"","12","M-05d - given Non paye en attente when on passe Paye avant sa reponse then la reponse Non paye tardive ne remplace jamais l'etat Paye","","Fri Oct 09 22:29:54 UTC 2026","passed","Fri Oct 09 22:29:54 UTC 2026","","com.lop.budget.ui.screens.monthly.MonthlyAnalysisStateTest","com.lop.budget.ui.screens.monthly.MonthlyAnalysisStateTest",""
"","10","V-13 - Visibilite du toggle paye selon mode creation ou scope edition","","Fri Oct 09 22:29:55 UTC 2026","passed","Fri Oct 09 22:29:55 UTC 2026","","com.lop.budget.ui.screens.transaction.TransactionEditViewModelTest","com.lop.budget.ui.screens.transaction.TransactionEditViewModelTest",""
"","23","T-06 - Given le jeu de donnees de base - When on cree une serie mensuelle avec deux tags - Then deux liens de serie et aucune occurrence materialisee (CA-15, I-7)","","Fri Oct 09 22:29:44 UTC 2026","passed","Fri Oct 09 22:29:44 UTC 2026","","com.lop.budget.data.repository.TransactionTagsPersistenceTest","com.lop.budget.data.repository.TransactionTagsPersistenceTest",""
"","2","T-08 - Given P-OK en attente - When onRefuse - Then un seul refus sur P-OK, aucune confirmation et liste vide (CA-19, I-6, I-9)","","Fri Oct 09 22:29:54 UTC 2026","passed","Fri Oct 09 22:29:54 UTC 2026","","com.lop.budget.ui.screens.detected.DetectedInboxTest","com.lop.budget.ui.screens.detected.DetectedInboxTest",""
"","3","given texte courses et compte A et type EXPENSE when statut non filtre then exactement les deux depenses du compte A","","Fri Oct 09 22:29:51 UTC 2026","passed","Fri Oct 09 22:29:51 UTC 2026","","com.lop.budget.domain.usecase.transaction.SearchTransactionsFiltersTest","com.lop.budget.domain.usecase.transaction.SearchTransactionsFiltersTest",""
"","49","T-03b - given le jeu complet when on liste mars sans filtre de compte then aucun ajustement ne remonte","","Fri Oct 09 22:29:37 UTC 2026","passed","Fri Oct 09 22:29:37 UTC 2026","","com.lop.budget.data.repository.AdjustmentVisibilityRoomTest","com.lop.budget.data.repository.AdjustmentVisibilityRoomTest",""
"","3","given fenetre D1 D2 when filtre statut PAID then aucune planifiee y compris virtuelle","","Fri Oct 09 22:29:51 UTC 2026","passed","Fri Oct 09 22:29:51 UTC 2026","","com.lop.budget.domain.usecase.transaction.SearchTransactionsFiltersTest","com.lop.budget.domain.usecase.transaction.SearchTransactionsFiltersTest",""
"","1","givenSeriesObservedInDifferentWindows_whenGenerateOccurrences_thenVirtualIdsAreIdenticalAndNegative_G11","","Fri Oct 09 22:29:45 UTC 2026","passed","Fri Oct 09 22:29:45 UTC 2026","","com.lop.budget.domain.RecurrenceEngineGridTest","com.lop.budget.domain.RecurrenceEngineGridTest",""
"","18","R-02 SINGLE - given virtuel du 31 mars de S31, when prelecture SINGLE, then null, rien ecrit","","Fri Oct 09 22:29:50 UTC 2026","passed","Fri Oct 09 22:29:50 UTC 2026","","com.lop.budget.domain.usecase.transaction.RecurringMissingDayRoomTest","com.lop.budget.domain.usecase.transaction.RecurringMissingDayRoomTest",""
"","20","C-04 - Given existing series, When invoked in FUTURE mode, Then it updates endDate and deletes in order","","Fri Oct 09 22:29:48 UTC 2026","passed","Fri Oct 09 22:29:48 UTC 2026","","com.lop.budget.domain.usecase.transaction.CancelRecurringSeriesUseCaseTest","com.lop.budget.domain.usecase.transaction.CancelRecurringSeriesUseCaseTest",""
"","29","C-05 - Given Sante en base - When createTag sante en minuscules - Then aucun tag cree et l'existant est selectionne (CA-06, I-2)","","Fri Oct 09 22:29:56 UTC 2026","passed","Fri Oct 09 22:29:56 UTC 2026","","com.lop.budget.ui.screens.transaction.TransactionTagCreationTest","com.lop.budget.ui.screens.transaction.TransactionTagCreationTest",""
"","0","T-03a - Given edition venant d une proposition et formulaire vierge - When shouldWarnOnExit - Then avertir (CA-17, I-9)","","Fri Oct 09 22:29:54 UTC 2026","passed","Fri Oct 09 22:29:54 UTC 2026","","com.lop.budget.ui.screens.detected.DetectedInboxTest","com.lop.budget.ui.screens.detected.DetectedInboxTest",""
"","1","givenYearlySeriesInterval2_whenGenerateOccurrences_thenReturns3ExpectedDates_G10","","Fri Oct 09 22:29:45 UTC 2026","passed","Fri Oct 09 22:29:45 UTC 2026","","com.lop.budget.domain.RecurrenceEngineGridTest","com.lop.budget.domain.RecurrenceEngineGridTest",""
"","23","O-02 - Given trois tags en base - When on collecte ObserveTagsUseCase - Then exactement trois entrees d'identifiants distincts sans doublon (CA-01)","","Fri Oct 09 22:29:47 UTC 2026","passed","Fri Oct 09 22:29:47 UTC 2026","","com.lop.budget.domain.usecase.tag.TagCrudPersistenceTest","com.lop.budget.domain.usecase.tag.TagCrudPersistenceTest",""
"","29","R-01 dernier jour - given S31 creee avec tag T, when base fermee puis rouverte, then une serie LAST_VALID_DAY, un lien de tag, zero transaction","","Fri Oct 09 22:29:50 UTC 2026","passed","Fri Oct 09 22:29:50 UTC 2026","","com.lop.budget.domain.usecase.transaction.RecurringMissingDayRoomTest","com.lop.budget.domain.usecase.transaction.RecurringMissingDayRoomTest",""
"","268","given une saisie de recherche sans selection when feuille refermee then aucune ecriture","","Fri Oct 09 22:29:39 UTC 2026","passed","Fri Oct 09 22:29:39 UTC 2026","","com.lop.budget.data.repository.CurrencyPreferenceTest","com.lop.budget.data.repository.CurrencyPreferenceTest",""
"","8","V-03 edition - given prompt FUTURE, when annulation puis nouvelle soumission, then aucune ecriture Edit et une nouvelle prelecture","","Fri Oct 09 22:29:56 UTC 2026","passed","Fri Oct 09 22:29:56 UTC 2026","","com.lop.budget.ui.screens.transaction.TransactionMissingDayDecisionTest","com.lop.budget.ui.screens.transaction.TransactionMissingDayDecisionTest",""
"","6","V-07 ecriture en erreur - given prompt confirme, when la sauvegarde echoue, then erreur, verrou relache, aucun callback","","Fri Oct 09 22:29:56 UTC 2026","passed","Fri Oct 09 22:29:56 UTC 2026","","com.lop.budget.ui.screens.transaction.TransactionMissingDayDecisionTest","com.lop.budget.ui.screens.transaction.TransactionMissingDayDecisionTest",""
"","43","D-02 - Given une categorie utilisee par une transaction et une serie - When on la supprime - Then ses porteurs survivent sans categorie (CA-07, I-1)","","Fri Oct 09 22:29:46 UTC 2026","passed","Fri Oct 09 22:29:46 UTC 2026","","com.lop.budget.domain.usecase.category.CategoryCrudPersistenceTest","com.lop.budget.domain.usecase.category.CategoryCrudPersistenceTest",""
"","10","V-05b - given un contexte en erreur, when retry, then contexte puis mois charges","","Fri Oct 09 22:29:53 UTC 2026","passed","Fri Oct 09 22:29:53 UTC 2026","","com.lop.budget.ui.screens.calendar.SeriesCalendarViewModelTest","com.lop.budget.ui.screens.calendar.SeriesCalendarViewModelTest",""
"","5","W-07 - Liens objectif et pret - recalculs APRES l ecriture","","Fri Oct 09 22:29:48 UTC 2026","passed","Fri Oct 09 22:29:48 UTC 2026","","com.lop.budget.domain.usecase.transaction.CreateAndSaveTransactionUseCaseTest","com.lop.budget.domain.usecase.transaction.CreateAndSaveTransactionUseCaseTest",""
"","5","A-03b - Given formulaire EXPENSE avec categorie de depense - When setType EXPENSE - Then la categorie compatible est conservee (CA-03)","","Fri Oct 09 22:29:55 UTC 2026","passed","Fri Oct 09 22:29:55 UTC 2026","","com.lop.budget.ui.screens.transaction.TransactionEditViewModelCreateTest","com.lop.budget.ui.screens.transaction.TransactionEditViewModelCreateTest",""
"","16","C-02 - Given missing series, When invoked in FUTURE mode, Then no-op","","Fri Oct 09 22:29:48 UTC 2026","passed","Fri Oct 09 22:29:48 UTC 2026","","com.lop.budget.domain.usecase.transaction.CancelRecurringSeriesUseCaseTest","com.lop.budget.domain.usecase.transaction.CancelRecurringSeriesUseCaseTest",""
"","28","T-01 - Given le jeu de donnees de base - When on cree une ponctuelle avec deux tags - Then exactement deux lignes de jointure et les sept champs persistes (CA-07)","","Fri Oct 09 22:29:44 UTC 2026","passed","Fri Oct 09 22:29:44 UTC 2026","","com.lop.budget.data.repository.TransactionTagsPersistenceTest","com.lop.budget.data.repository.TransactionTagsPersistenceTest",""
"","37","R-02 sens - given A observe when TX-PAYEE devient un revenu then A 12000 et total 10000","","Fri Oct 09 22:29:52 UTC 2026","passed","Fri Oct 09 22:29:52 UTC 2026","","com.lop.budget.ui.screens.accounts.AccountsObservationRoomTest","com.lop.budget.ui.screens.accounts.AccountsObservationRoomTest",""
"","0","S-05 - Given C-A avec D50 - When calculateBalances - Then la depense est soustraite","","Fri Oct 09 22:29:44 UTC 2026","passed","Fri Oct 09 22:29:44 UTC 2026","","com.lop.budget.domain.BalanceEngineRulesTest","com.lop.budget.domain.BalanceEngineRulesTest",""
"","21","R-03 banque remplacee - given A observe when la banque devient Banque QA-Z then elle est exposee","","Fri Oct 09 22:29:52 UTC 2026","passed","Fri Oct 09 22:29:52 UTC 2026","","com.lop.budget.ui.screens.accounts.AccountsObservationRoomTest","com.lop.budget.ui.screens.accounts.AccountsObservationRoomTest",""
"","28","R-01a - given A sans fin, when apercu depuis T0, then exactement 28 fevrier, 31 mars et 30 avril","","Fri Oct 09 22:29:51 UTC 2026","passed","Fri Oct 09 22:29:51 UTC 2026","","com.lop.budget.domain.usecase.transaction.RecurringOccurrencesContractRoomTest","com.lop.budget.domain.usecase.transaction.RecurringOccurrencesContractRoomTest",""
"","31","D-01 - Given TAG-VACANCES sans aucun lien - When on le supprime - Then il disparait et les deux autres tags restent lies (CA-06, I-1, I-2)","","Fri Oct 09 22:29:47 UTC 2026","passed","Fri Oct 09 22:29:47 UTC 2026","","com.lop.budget.domain.usecase.tag.TagCrudPersistenceTest","com.lop.budget.domain.usecase.tag.TagCrudPersistenceTest",""
"","27","R-08 - une transaction payee a date future est comptabilisee","","Fri Oct 09 22:29:46 UTC 2026","passed","Fri Oct 09 22:29:46 UTC 2026","","com.lop.budget.domain.usecase.account.ObserveAccountBalancesRulesRoomTest","com.lop.budget.domain.usecase.account.ObserveAccountBalancesRulesRoomTest",""
"","38","E-06 - Given FUTURE with moved forward date (1 feb to 25 jan), When executed, Then old slot of jan is preserved and no duplicates","","Fri Oct 09 22:29:43 UTC 2026","passed","Fri Oct 09 22:29:43 UTC 2026","","com.lop.budget.data.repository.RecurringEditionRepositoryTest","com.lop.budget.data.repository.RecurringEditionRepositoryTest",""
"","14","M-04a - given A active et Paye when fin avant debut puis jour unique puis 1er avril vide puis retrait de A then refus sans recherche et filtres conserves","","Fri Oct 09 22:29:54 UTC 2026","passed","Fri Oct 09 22:29:54 UTC 2026","","com.lop.budget.ui.screens.monthly.MonthlyAnalysisStateTest","com.lop.budget.ui.screens.monthly.MonthlyAnalysisStateTest",""
"","6","V-03 - Portee ALL charge les valeurs de base de la serie","","Fri Oct 09 22:29:55 UTC 2026","passed","Fri Oct 09 22:29:55 UTC 2026","","com.lop.budget.ui.screens.transaction.TransactionEditViewModelTest","com.lop.budget.ui.screens.transaction.TransactionEditViewModelTest",""
"","20","S-24 - ALL edition egale a la serie - aucune propagation","","Fri Oct 09 22:29:48 UTC 2026","passed","Fri Oct 09 22:29:48 UTC 2026","","com.lop.budget.domain.usecase.transaction.EditTransactionWithScopeUseCaseTest","com.lop.budget.domain.usecase.transaction.EditTransactionWithScopeUseCaseTest",""
"","11","V-04 - Given compte supprime pendant l'edition - When sauvegarde - Then formulaire ferme sans refus","","Fri Oct 09 22:29:54 UTC 2026","passed","Fri Oct 09 22:29:54 UTC 2026","","com.lop.budget.ui.screens.manage.AccountFormRulesTest","com.lop.budget.ui.screens.manage.AccountFormRulesTest",""
"","6","F-03 - Given Alimentation qui a une sous-categorie - When on tente de lui affecter un parent - Then champ masque et parent nul (CA-09, I-4)","","Fri Oct 09 22:29:53 UTC 2026","passed","Fri Oct 09 22:29:53 UTC 2026","","com.lop.budget.ui.screens.category.CategoryViewModelTest","com.lop.budget.ui.screens.category.CategoryViewModelTest",""
"","60","M-03 - Given des elements termines et en cours - When migration 21 vers 22 - Then le booleen devient un statut et rien n est archive (CA-03)","","Fri Oct 09 22:29:28 UTC 2026","passed","Fri Oct 09 22:29:28 UTC 2026","","com.lop.budget.data.local.GoalLoanMigrationTest","com.lop.budget.data.local.GoalLoanMigrationTest",""
"","456","T-09 - Given le montage des huit cas precedents - When on inspecte la signature du use case - Then aucun type Android n'y apparait","","Fri Oct 09 22:29:45 UTC 2026","passed","Fri Oct 09 22:29:46 UTC 2026","","com.lop.budget.domain.usecase.account.AdjustBalanceCreationTest","com.lop.budget.domain.usecase.account.AdjustBalanceCreationTest",""
"","20","R-04a - given la base commune, when jours 1 et 31 mars, then Empty puis Single du virtuel","","Fri Oct 09 22:29:51 UTC 2026","passed","Fri Oct 09 22:29:51 UTC 2026","","com.lop.budget.domain.usecase.transaction.RecurringOccurrencesContractRoomTest","com.lop.budget.domain.usecase.transaction.RecurringOccurrencesContractRoomTest",""
"","9","M-07 - Confirm recurring with THIS_OCCURRENCE calls SINGLE exactly once","","Fri Oct 09 22:29:52 UTC 2026","passed","Fri Oct 09 22:29:52 UTC 2026","","com.lop.budget.ui.common.TC_33_ContextualDeletionMappingTest","com.lop.budget.ui.common.TC_33_ContextualDeletionMappingTest",""
"","6","W-07a - Lien objectif seul - recalcul APRES l ecriture","","Fri Oct 09 22:29:48 UTC 2026","passed","Fri Oct 09 22:29:48 UTC 2026","","com.lop.budget.domain.usecase.transaction.CreateAndSaveTransactionUseCaseTest","com.lop.budget.domain.usecase.transaction.CreateAndSaveTransactionUseCaseTest",""
"","96","given une preference en minuscules when lue then repli sur EUR","","Fri Oct 09 22:29:39 UTC 2026","passed","Fri Oct 09 22:29:39 UTC 2026","","com.lop.budget.data.repository.CurrencyPreferenceTest","com.lop.budget.data.repository.CurrencyPreferenceTest",""
"","35","given une proposition ecrite when la meme revient dans la fenetre then elle est regroupee et l occurrence est comptabilisee","","Fri Oct 09 22:29:42 UTC 2026","passed","Fri Oct 09 22:29:42 UTC 2026","","com.lop.budget.data.repository.ProposalPersistenceTest","com.lop.budget.data.repository.ProposalPersistenceTest",""
"","1","given fenetre D1 D2 when filtre type INCOME then exactement le salaire","","Fri Oct 09 22:29:51 UTC 2026","passed","Fri Oct 09 22:29:51 UTC 2026","","com.lop.budget.domain.usecase.transaction.SearchTransactionsFiltersTest","com.lop.budget.domain.usecase.transaction.SearchTransactionsFiltersTest",""
"","28","T-02 - Given Alimentation qui a une sous-categorie - When on tente le type revenu - Then refus HasChildren et rien n'est ecrit (CA-12, I-6)","","Fri Oct 09 22:29:46 UTC 2026","passed","Fri Oct 09 22:29:46 UTC 2026","","com.lop.budget.domain.usecase.category.CategoryCrudPersistenceTest","com.lop.budget.domain.usecase.category.CategoryCrudPersistenceTest",""
"","7","C-01 - Given frequency NONE - When invoke - Then saveSimple une fois et aucune serie","","Fri Oct 09 22:29:52 UTC 2026","passed","Fri Oct 09 22:29:52 UTC 2026","","com.lop.budget.domain.usecase.transaction.TC_82_CreateTransactionUseCaseCreateContractTest","com.lop.budget.domain.usecase.transaction.TC_82_CreateTransactionUseCaseCreateContractTest",""
"","6","S-07 - Given edition preremplie avec Sante et Pro - When toggleTag Sante puis Vacances - Then la selection vaut exactement Pro et Vacances sans ecriture (CA-02, CA-09)","","Fri Oct 09 22:29:57 UTC 2026","passed","Fri Oct 09 22:29:57 UTC 2026","","com.lop.budget.ui.screens.transaction.TransactionTagSelectionTest","com.lop.budget.ui.screens.transaction.TransactionTagSelectionTest",""
"","4","V-06 DAILY - given F quotidienne, when save, then une prelecture nulle, une sauvegarde, un callback","","Fri Oct 09 22:29:56 UTC 2026","passed","Fri Oct 09 22:29:56 UTC 2026","","com.lop.budget.ui.screens.transaction.TransactionMissingDayDecisionTest","com.lop.budget.ui.screens.transaction.TransactionMissingDayDecisionTest",""
"","61","given trois lignes de meme date when recherche then id persiste croissant puis le virtuel","","Fri Oct 09 22:29:51 UTC 2026","passed","Fri Oct 09 22:29:51 UTC 2026","","com.lop.budget.domain.usecase.transaction.SearchTransactionsFiltersTest","com.lop.budget.domain.usecase.transaction.SearchTransactionsFiltersTest",""
"","51","T-02 - given le jeu complet when on lit la vue du compte A then la courbe se termine sur le solde","","Fri Oct 09 22:29:37 UTC 2026","passed","Fri Oct 09 22:29:37 UTC 2026","","com.lop.budget.data.repository.AdjustmentVisibilityRoomTest","com.lop.budget.data.repository.AdjustmentVisibilityRoomTest",""
"","29","given une transaction sans compte when elle est recherchee then le filtre de compte seul l exclut","","Fri Oct 09 22:29:44 UTC 2026","passed","Fri Oct 09 22:29:44 UTC 2026","","com.lop.budget.data.repository.TransactionWithoutAccountTest","com.lop.budget.data.repository.TransactionWithoutAccountTest",""
"","3","M-01 - Given un referentiel vide - When la gestion s'abonne - Then les listes depenses et revenus sont vides sans etat fantome (CA-01)","","Fri Oct 09 22:29:53 UTC 2026","passed","Fri Oct 09 22:29:53 UTC 2026","","com.lop.budget.ui.screens.category.CategoryViewModelTest","com.lop.budget.ui.screens.category.CategoryViewModelTest",""
"","1","givenWindowAfterSeriesStart_whenGenerateOccurrences_thenReturnsThreeDatesWithSeriesPayload_B02","","Fri Oct 09 22:29:45 UTC 2026","passed","Fri Oct 09 22:29:45 UTC 2026","","com.lop.budget.domain.RecurrenceEngineBoundsTest","com.lop.budget.domain.RecurrenceEngineBoundsTest",""
"","36","R-01 Revenus - given le temoin metier when on ouvre Revenus puis Non paye then seule I a +4000 puis une analyse explicitement vide","","Fri Oct 09 22:29:54 UTC 2026","passed","Fri Oct 09 22:29:54 UTC 2026","","com.lop.budget.ui.screens.monthly.MonthlyAnalysisRoomTest","com.lop.budget.ui.screens.monthly.MonthlyAnalysisRoomTest",""
"","4","S-05a - Given real ID but transaction not found, When invoked, Then no deletion","","Fri Oct 09 22:29:52 UTC 2026","passed","Fri Oct 09 22:29:52 UTC 2026","","com.lop.budget.domain.usecase.transaction.SoftDeleteTransactionOccurrenceUseCaseTest","com.lop.budget.domain.usecase.transaction.SoftDeleteTransactionOccurrenceUseCaseTest",""
"","15","V-06 - Chargement seul, toute portee, aucune ecriture","","Fri Oct 09 22:29:55 UTC 2026","passed","Fri Oct 09 22:29:55 UTC 2026","","com.lop.budget.ui.screens.transaction.TransactionEditViewModelTest","com.lop.budget.ui.screens.transaction.TransactionEditViewModelTest",""
"","9","M-05c - given A active when on passe Paye et que les choix repondent avant la liste then actualisation jusqu'a la liste puis A1 -3000","","Fri Oct 09 22:29:54 UTC 2026","passed","Fri Oct 09 22:29:54 UTC 2026","","com.lop.budget.ui.screens.monthly.MonthlyAnalysisStateTest","com.lop.budget.ui.screens.monthly.MonthlyAnalysisStateTest",""
"","37","L-07 - une serie annulee ne produit plus de virtuel mais son exception reste visible","","Fri Oct 09 22:29:49 UTC 2026","passed","Fri Oct 09 22:29:49 UTC 2026","","com.lop.budget.domain.usecase.transaction.ObserveTransactionsRoomTest","com.lop.budget.domain.usecase.transaction.ObserveTransactionsRoomTest",""
"","212","M-02 - dismissDeleteRequest clears deleteRequest","","Fri Oct 09 22:29:52 UTC 2026","passed","Fri Oct 09 22:29:52 UTC 2026","","com.lop.budget.ui.common.TC_33_ContextualDeletionMappingTest","com.lop.budget.ui.common.TC_33_ContextualDeletionMappingTest",""
"","5","A-02 - togglePaid sur occurrence PAID - seul status passe a PLANNED","","Fri Oct 09 22:29:52 UTC 2026","passed","Fri Oct 09 22:29:52 UTC 2026","","com.lop.budget.ui.common.TransactionActionViewModelEditMappingTest","com.lop.budget.ui.common.TransactionActionViewModelEditMappingTest",""
"","10","S-13 - ponctuelle devenant recurrente - ordre hardDelete upsertSeries materialize","","Fri Oct 09 22:29:48 UTC 2026","passed","Fri Oct 09 22:29:48 UTC 2026","","com.lop.budget.domain.usecase.transaction.EditTransactionWithScopeUseCaseTest","com.lop.budget.domain.usecase.transaction.EditTransactionWithScopeUseCaseTest",""
"","6","C-02 - Given frequency MONTHLY - When invoke - Then serie seule et aucune materialisation","","Fri Oct 09 22:29:52 UTC 2026","passed","Fri Oct 09 22:29:52 UTC 2026","","com.lop.budget.domain.usecase.transaction.TC_82_CreateTransactionUseCaseCreateContractTest","com.lop.budget.domain.usecase.transaction.TC_82_CreateTransactionUseCaseCreateContractTest",""
"","23","R-03 - Given the punctual dataset with status PAID, When CreateTransactionUseCase runs, Then the row is persisted as PAID with paidAt set","","Fri Oct 09 22:29:38 UTC 2026","passed","Fri Oct 09 22:29:38 UTC 2026","","com.lop.budget.data.repository.CreateTransactionRepositoryTest","com.lop.budget.data.repository.CreateTransactionRepositoryTest",""
"","6","V-02 - Idem en portee FUTURE","","Fri Oct 09 22:29:55 UTC 2026","passed","Fri Oct 09 22:29:55 UTC 2026","","com.lop.budget.ui.screens.transaction.TransactionEditViewModelTest","com.lop.budget.ui.screens.transaction.TransactionEditViewModelTest",""
"","2","T-02 - given un ajustement et une transaction metier - when on inventorie les actions exposees - then seule la suppression est offerte sur l ajustement","","Fri Oct 09 22:29:53 UTC 2026","passed","Fri Oct 09 22:29:53 UTC 2026","","com.lop.budget.ui.screens.accounts.AdjustmentRestrictionsTest","com.lop.budget.ui.screens.accounts.AdjustmentRestrictionsTest",""
"","0","S-13 - Given AdjB ajustement rattache au compte 2 - When calculateBalances - Then le compte 1 est intact","","Fri Oct 09 22:29:44 UTC 2026","passed","Fri Oct 09 22:29:44 UTC 2026","","com.lop.budget.domain.BalanceEngineRulesTest","com.lop.budget.domain.BalanceEngineRulesTest",""
"","4","V-04b - given S-ARCHIVE avec D seul when chargement reussi then Loaded liste vide total 0","","Fri Oct 09 22:29:53 UTC 2026","passed","Fri Oct 09 22:29:53 UTC 2026","","com.lop.budget.ui.screens.accounts.AccountsStateTest","com.lop.budget.ui.screens.accounts.AccountsStateTest",""
"","13","V-02 - given mars charge, when precedent, suivant, choix 2036 puis prochaine echeance, then mois exacts et jour efface","","Fri Oct 09 22:29:53 UTC 2026","passed","Fri Oct 09 22:29:53 UTC 2026","","com.lop.budget.ui.screens.calendar.SeriesCalendarViewModelTest","com.lop.budget.ui.screens.calendar.SeriesCalendarViewModelTest",""
"","44","verify every default catalog icon resolves to a real icon","","Fri Oct 09 22:29:44 UTC 2026","passed","Fri Oct 09 22:29:44 UTC 2026","","com.lop.budget.data.seed.DefaultCatalogConformityTest","com.lop.budget.data.seed.DefaultCatalogConformityTest",""
"","46","P-10b - Given a future scope cancellation on A, When it is applied, Then control data stays identical","","Fri Oct 09 22:29:42 UTC 2026","passed","Fri Oct 09 22:29:42 UTC 2026","","com.lop.budget.data.repository.RecurringDeletionRepositoryTest","com.lop.budget.data.repository.RecurringDeletionRepositoryTest",""
"","30","given les etats d ecran when valeur initiale de devise then celle du catalogue","","Fri Oct 09 22:29:39 UTC 2026","passed","Fri Oct 09 22:29:39 UTC 2026","","com.lop.budget.data.repository.CurrencyPreferenceTest","com.lop.budget.data.repository.CurrencyPreferenceTest",""
"","31","T-02 - Given CPT-COURANT exclu - When reinclusion - Then total reaugmente du meme montant","","Fri Oct 09 22:29:45 UTC 2026","passed","Fri Oct 09 22:29:45 UTC 2026","","com.lop.budget.domain.usecase.account.AccountPersistenceTest","com.lop.budget.domain.usecase.account.AccountPersistenceTest",""
"","55","T-09d - Given la base migree - When on insere deux cartes de meme reseau et meme suffixe - Then la seconde est refusee (I-2)","","Fri Oct 09 22:29:37 UTC 2026","passed","Fri Oct 09 22:29:37 UTC 2026","","com.lop.budget.data.local.PaymentCardMigrationTest","com.lop.budget.data.local.PaymentCardMigrationTest",""
"","8","V-10 - Given transaction payee anterieure a la derniere correction - When save - Then sauvegarde directe sans toucher au compte","","Fri Oct 09 22:29:55 UTC 2026","passed","Fri Oct 09 22:29:55 UTC 2026","","com.lop.budget.ui.screens.transaction.TransactionEditViewModelTest","com.lop.budget.ui.screens.transaction.TransactionEditViewModelTest",""
"","59","R-01 Depenses - given le temoin metier when on parcourt Tous Paye Non paye Tous CB CB retiree puis CB au 17 mars then ensembles et agregats exacts et tables intactes","","Fri Oct 09 22:29:54 UTC 2026","passed","Fri Oct 09 22:29:54 UTC 2026","","com.lop.budget.ui.screens.monthly.MonthlyAnalysisRoomTest","com.lop.budget.ui.screens.monthly.MonthlyAnalysisRoomTest",""
"","133883","TC-35-2: Portée SINGLE — seule l'occurrence ciblée change","","Fri Oct 09 22:36:55 UTC 2026","passed","Fri Oct 09 22:39:08 UTC 2026","","TC-35-2: Portée SINGLE — seule l'occurrence ciblée change","TC-35-2: Portée SINGLE — seule l'occurrence ciblée change","TC-35-2: Portée SINGLE — seule l'occurrence ciblée change"
"","34","N-02 - une exception materialisee remplace la virtuelle de son slot sans la doubler","","Fri Oct 09 22:29:51 UTC 2026","passed","Fri Oct 09 22:29:51 UTC 2026","","com.lop.budget.domain.usecase.transaction.SearchTransactionsRoomTest","com.lop.budget.domain.usecase.transaction.SearchTransactionsRoomTest",""
"","4","given six ecritures de euro when recherchees then meme resultat contenant EUR","","Fri Oct 09 22:29:45 UTC 2026","passed","Fri Oct 09 22:29:45 UTC 2026","","com.lop.budget.domain.model.CurrencyCatalogTest","com.lop.budget.domain.model.CurrencyCatalogTest",""
"","5","W-04 - PAID sans paidAt - paidAt prend la date de la transaction","","Fri Oct 09 22:29:48 UTC 2026","passed","Fri Oct 09 22:29:48 UTC 2026","","com.lop.budget.domain.usecase.transaction.CreateAndSaveTransactionUseCaseTest","com.lop.budget.domain.usecase.transaction.CreateAndSaveTransactionUseCaseTest",""
"","11","C-07 - Given series linked to goal, When cancelled in FUTURE mode, Then goal sync follows writes","","Fri Oct 09 22:29:48 UTC 2026","passed","Fri Oct 09 22:29:48 UTC 2026","","com.lop.budget.domain.usecase.transaction.CancelRecurringSeriesUseCaseTest","com.lop.budget.domain.usecase.transaction.CancelRecurringSeriesUseCaseTest",""
"","30","R-03 archivage - given A actif when A est archive then B, C seulement, total -2000 et A reste en base","","Fri Oct 09 22:29:52 UTC 2026","passed","Fri Oct 09 22:29:52 UTC 2026","","com.lop.budget.ui.screens.accounts.AccountsObservationRoomTest","com.lop.budget.ui.screens.accounts.AccountsObservationRoomTest",""
"","42","T-08b - given le chemin d edition applique a A-AJ1 when on relit la ligne then elle reste un ajustement","","Fri Oct 09 22:29:37 UTC 2026","passed","Fri Oct 09 22:29:37 UTC 2026","","com.lop.budget.data.repository.AdjustmentVisibilityRoomTest","com.lop.budget.data.repository.AdjustmentVisibilityRoomTest",""
"","37","L-01 - deux periodes consecutives sans exception rendent exactement leurs occurrences","","Fri Oct 09 22:29:49 UTC 2026","passed","Fri Oct 09 22:29:49 UTC 2026","","com.lop.budget.domain.usecase.transaction.ObserveTransactionsRoomTest","com.lop.budget.domain.usecase.transaction.ObserveTransactionsRoomTest",""
"","2","S-14 - Given C-Arch archive et C-Off exclu - When calculateTotalBalance - Then seuls les comptes actifs inclus comptent","","Fri Oct 09 22:29:44 UTC 2026","passed","Fri Oct 09 22:29:44 UTC 2026","","com.lop.budget.domain.BalanceEngineRulesTest","com.lop.budget.domain.BalanceEngineRulesTest",""
"","3","S-04a - Given ID negative but seriesId missing, When invoked, Then no-op","","Fri Oct 09 22:29:52 UTC 2026","passed","Fri Oct 09 22:29:52 UTC 2026","","com.lop.budget.domain.usecase.transaction.SoftDeleteTransactionOccurrenceUseCaseTest","com.lop.budget.domain.usecase.transaction.SoftDeleteTransactionOccurrenceUseCaseTest",""
"","0","S-07 - Given OnB rattachee au compte 2 - When calculateBalances et total - Then le compte 1 est intact et OnB compte une fois","","Fri Oct 09 22:29:44 UTC 2026","passed","Fri Oct 09 22:29:44 UTC 2026","","com.lop.budget.domain.BalanceEngineRulesTest","com.lop.budget.domain.BalanceEngineRulesTest",""
"","35","E-17 - Given materialized exception with tags, When SINGLE edition, Then tags are preserved","","Fri Oct 09 22:29:43 UTC 2026","passed","Fri Oct 09 22:29:43 UTC 2026","","com.lop.budget.data.repository.RecurringEditionRepositoryTest","com.lop.budget.data.repository.RecurringEditionRepositoryTest",""
"","626","S-02 - Given une selection reduite a Pro - When on supprime Sante du referentiel - Then la selection reste exactement Pro (CA-08)","","Fri Oct 09 22:29:55 UTC 2026","passed","Fri Oct 09 22:29:55 UTC 2026","","com.lop.budget.ui.screens.transaction.TransactionEditDeleteTagSelectionTest","com.lop.budget.ui.screens.transaction.TransactionEditDeleteTagSelectionTest",""
"","36","E-01 - Given virtual february occurrence, When SINGLE edition, Then it is persisted as exception and series A is unchanged","","Fri Oct 09 22:29:43 UTC 2026","passed","Fri Oct 09 22:29:43 UTC 2026","","com.lop.budget.data.repository.RecurringEditionRepositoryTest","com.lop.budget.data.repository.RecurringEditionRepositoryTest",""
"","28","R-02 paye vers planifie - given A observe when TX-PAYEE redevient planifiee then A 10000 et total 8000","","Fri Oct 09 22:29:52 UTC 2026","passed","Fri Oct 09 22:29:52 UTC 2026","","com.lop.budget.ui.screens.accounts.AccountsObservationRoomTest","com.lop.budget.ui.screens.accounts.AccountsObservationRoomTest",""
"","28","S-04 - Given base peuplee - When suppression d'un identifiant inconnu - Then NotFound et aucune ecriture","","Fri Oct 09 22:29:45 UTC 2026","passed","Fri Oct 09 22:29:45 UTC 2026","","com.lop.budget.domain.usecase.account.AccountPersistenceTest","com.lop.budget.domain.usecase.account.AccountPersistenceTest",""
"","26","given une devise choisie when depot recree then le choix survit","","Fri Oct 09 22:29:39 UTC 2026","passed","Fri Oct 09 22:29:39 UTC 2026","","com.lop.budget.data.repository.CurrencyPreferenceTest","com.lop.budget.data.repository.CurrencyPreferenceTest",""
"","1","B-08 - la surcharge Long affiche la meme chaine que la surcharge Double","","Fri Oct 09 22:29:57 UTC 2026","passed","Fri Oct 09 22:29:57 UTC 2026","","com.lop.budget.util.MoneyBoundaryTest","com.lop.budget.util.MoneyBoundaryTest",""
"","33","D-02 - Given TAG-SANTE utilise par une transaction et une serie - When on le supprime - Then ses liens disparaissent et ses porteurs survivent avec Pro seul (CA-07, I-1, I-2)","","Fri Oct 09 22:29:47 UTC 2026","passed","Fri Oct 09 22:29:47 UTC 2026","","com.lop.budget.domain.usecase.tag.TagCrudPersistenceTest","com.lop.budget.domain.usecase.tag.TagCrudPersistenceTest",""
"","0","B-02 - une saisie sans decimale ou a une decimale est convertie sans perte","","Fri Oct 09 22:29:57 UTC 2026","passed","Fri Oct 09 22:29:57 UTC 2026","","com.lop.budget.util.MoneyBoundaryTest","com.lop.budget.util.MoneyBoundaryTest",""
"","79","T-04d - given les indicateurs d accueil when les ajustements sont inseres then le resume est identique","","Fri Oct 09 22:29:37 UTC 2026","passed","Fri Oct 09 22:29:37 UTC 2026","","com.lop.budget.data.repository.AdjustmentVisibilityRoomTest","com.lop.budget.data.repository.AdjustmentVisibilityRoomTest",""
"","25","R-05 date inchangee - given SC ancree au 31, when ALL vers sauter, then une serie ancree au 31 et 28 fevrier, 31 mars, 31 mai","","Fri Oct 09 22:29:50 UTC 2026","passed","Fri Oct 09 22:29:50 UTC 2026","","com.lop.budget.domain.usecase.transaction.RecurringMissingDayRoomTest","com.lop.budget.domain.usecase.transaction.RecurringMissingDayRoomTest",""
"","47","R-08 - given apercu fevrier et mars ouverts, when E1 materialisee payee deplacee supprimee, then chaque etat exact","","Fri Oct 09 22:29:51 UTC 2026","passed","Fri Oct 09 22:29:51 UTC 2026","","com.lop.budget.domain.usecase.transaction.RecurringOccurrencesContractRoomTest","com.lop.budget.domain.usecase.transaction.RecurringOccurrencesContractRoomTest",""
"","2","given saisie cafe sans accent when recherche then exactement le titre Cafe accentue","","Fri Oct 09 22:29:51 UTC 2026","passed","Fri Oct 09 22:29:51 UTC 2026","","com.lop.budget.domain.usecase.transaction.SearchTransactionsTextTest","com.lop.budget.domain.usecase.transaction.SearchTransactionsTextTest",""
"","7","G-11 detection - given ancre 31 depuis le 28 fevrier, intervalle 12, when detection, then 28 fevrier 2027 et sauter refuse","","Fri Oct 09 22:29:45 UTC 2026","passed","Fri Oct 09 22:29:45 UTC 2026","","com.lop.budget.domain.RecurrenceMissingDayTest","com.lop.budget.domain.RecurrenceMissingDayTest",""
"","28","T-05a - Given une ponctuelle liee a deux tags - When getById sur son identifiant - Then elle porte exactement ses tags (CA-12)","","Fri Oct 09 22:29:44 UTC 2026","passed","Fri Oct 09 22:29:44 UTC 2026","","com.lop.budget.data.repository.TransactionTagsPersistenceTest","com.lop.budget.data.repository.TransactionTagsPersistenceTest",""
"","8","T-01 - Given TX-PAY affichee, When modification rapide de la date, Then un seul appel exact et l'etat republie la nouvelle date","","Fri Oct 09 22:29:54 UTC 2026","passed","Fri Oct 09 22:29:54 UTC 2026","","com.lop.budget.ui.screens.detail.TransactionDetailQuickEditTest","com.lop.budget.ui.screens.detail.TransactionDetailQuickEditTest",""
"","1","givenMax3AndWindowAfterQuotaExhausted_whenGenerateOccurrences_thenReturnsEmptyList_B06c","","Fri Oct 09 22:29:45 UTC 2026","passed","Fri Oct 09 22:29:45 UTC 2026","","com.lop.budget.domain.RecurrenceEngineBoundsTest","com.lop.budget.domain.RecurrenceEngineBoundsTest",""
"","5","S-02 - argument absent - seriesDate de la ligne utilise","","Fri Oct 09 22:29:48 UTC 2026","passed","Fri Oct 09 22:29:48 UTC 2026","","com.lop.budget.domain.usecase.transaction.EditTransactionWithScopeUseCaseTest","com.lop.budget.domain.usecase.transaction.EditTransactionWithScopeUseCaseTest",""
"","31","R-02 compte - given A observe when TX-PAYEE passe de A a B then A 10000, B -4000 et total 6000","","Fri Oct 09 22:29:52 UTC 2026","passed","Fri Oct 09 22:29:52 UTC 2026","","com.lop.budget.ui.screens.accounts.AccountsObservationRoomTest","com.lop.budget.ui.screens.accounts.AccountsObservationRoomTest",""
"","1","givenMax3AndWindowStartingAfterFirstSlot_whenGenerateOccurrences_thenQuotaCountsFromSeriesStart_B06b","","Fri Oct 09 22:29:45 UTC 2026","passed","Fri Oct 09 22:29:45 UTC 2026","","com.lop.budget.domain.RecurrenceEngineBoundsTest","com.lop.budget.domain.RecurrenceEngineBoundsTest",""
"","4","V-12 - Initialisation avec le type INCOME depuis SavedStateHandle","","Fri Oct 09 22:29:55 UTC 2026","passed","Fri Oct 09 22:29:55 UTC 2026","","com.lop.budget.ui.screens.transaction.TransactionEditViewModelTest","com.lop.budget.ui.screens.transaction.TransactionEditViewModelTest",""
"","52","P-05 - Given an exception displayed before the pivot, When future cancellation from february, Then it is kept","","Fri Oct 09 22:29:42 UTC 2026","passed","Fri Oct 09 22:29:42 UTC 2026","","com.lop.budget.data.repository.RecurringDeletionRepositoryTest","com.lop.budget.data.repository.RecurringDeletionRepositoryTest",""
"","48","T-07b - given le jeu complet when on inspecte la categorie des ajustements then seule la sentinelle est ecrite","","Fri Oct 09 22:29:37 UTC 2026","passed","Fri Oct 09 22:29:37 UTC 2026","","com.lop.budget.data.repository.AdjustmentVisibilityRoomTest","com.lop.budget.data.repository.AdjustmentVisibilityRoomTest",""
"","2","given texte numerique entier when recherche then exactement la ligne a 1200 centimes","","Fri Oct 09 22:29:51 UTC 2026","passed","Fri Oct 09 22:29:51 UTC 2026","","com.lop.budget.domain.usecase.transaction.SearchTransactionsTextTest","com.lop.budget.domain.usecase.transaction.SearchTransactionsTextTest",""
"","21","R-03 suppression - given A, B, C observes when A est supprime then B, C seulement et total -2000","","Fri Oct 09 22:29:52 UTC 2026","passed","Fri Oct 09 22:29:52 UTC 2026","","com.lop.budget.ui.screens.accounts.AccountsObservationRoomTest","com.lop.budget.ui.screens.accounts.AccountsObservationRoomTest",""
"","1","given plusieurs resultats de dates distinctes when recherche then dates strictement croissantes","","Fri Oct 09 22:29:51 UTC 2026","passed","Fri Oct 09 22:29:51 UTC 2026","","com.lop.budget.domain.usecase.transaction.SearchTransactionsFiltersTest","com.lop.budget.domain.usecase.transaction.SearchTransactionsFiltersTest",""
"","22434","TC-29-1: BottomSheet Via Détail","","Fri Oct 09 22:36:55 UTC 2026","passed","Fri Oct 09 22:37:17 UTC 2026","","TC-29-1: BottomSheet Via Détail","TC-29-1: BottomSheet Via Détail","TC-29-1: BottomSheet Via Détail"
"","65","given une transaction enregistree depuis une proposition when la base est rouverte then la date relue est celle de la detection","","Fri Oct 09 22:29:50 UTC 2026","passed","Fri Oct 09 22:29:50 UTC 2026","","com.lop.budget.domain.usecase.transaction.ProposalDetectionDateTest","com.lop.budget.domain.usecase.transaction.ProposalDetectionDateTest",""
"","2","G-10 sans limite - given M31 sauter, when 2 prochaines apres 31 janvier, then 31 mars et 31 mai","","Fri Oct 09 22:29:45 UTC 2026","passed","Fri Oct 09 22:29:45 UTC 2026","","com.lop.budget.domain.RecurrenceMissingDayTest","com.lop.budget.domain.RecurrenceMissingDayTest",""
"","44","T-06b - given le jeu complet when on lit la vue du compte B then elle expose son seul ajustement","","Fri Oct 09 22:29:37 UTC 2026","passed","Fri Oct 09 22:29:37 UTC 2026","","com.lop.budget.data.repository.AdjustmentVisibilityRoomTest","com.lop.budget.data.repository.AdjustmentVisibilityRoomTest",""
"","0","G-09 - given quotidien et hebdomadaire, when report depuis 28 fevrier, then null","","Fri Oct 09 22:29:45 UTC 2026","passed","Fri Oct 09 22:29:45 UTC 2026","","com.lop.budget.domain.RecurrenceMissingDayTest","com.lop.budget.domain.RecurrenceMissingDayTest",""
"","1","G-04 fenetre reduite - given M31 sauter limite 4, when 1er mars a 31 mai, then 31 mars seul","","Fri Oct 09 22:29:45 UTC 2026","passed","Fri Oct 09 22:29:45 UTC 2026","","com.lop.budget.domain.RecurrenceMissingDayTest","com.lop.budget.domain.RecurrenceMissingDayTest",""
"","3","F-04 - Given une creation de type depense - When les categories sont chargees - Then seules les parentes depenses sont proposees (CA-10, I-5)","","Fri Oct 09 22:29:53 UTC 2026","passed","Fri Oct 09 22:29:53 UTC 2026","","com.lop.budget.ui.screens.category.CategoryViewModelTest","com.lop.budget.ui.screens.category.CategoryViewModelTest",""
"","0","givenWeeklySeriesInterval2WithDaysOfWeek_whenGenerateOccurrences_thenReturns4ExpectedDates_G06","","Fri Oct 09 22:29:45 UTC 2026","passed","Fri Oct 09 22:29:45 UTC 2026","","com.lop.budget.domain.RecurrenceEngineGridTest","com.lop.budget.domain.RecurrenceEngineGridTest",""
"","55","R-09a - given detail ouvert sur le virtuel du 28 fevrier, when choix passe a sauter, then le meme abonnement rend null et le 31 mars reste consultable","","Fri Oct 09 22:29:50 UTC 2026","passed","Fri Oct 09 22:29:50 UTC 2026","","com.lop.budget.domain.usecase.transaction.RecurringMissingDayRoomTest","com.lop.budget.domain.usecase.transaction.RecurringMissingDayRoomTest",""
"","6","S-01 - Given real punctual transaction, When invoked, Then it reads before soft deleting","","Fri Oct 09 22:29:52 UTC 2026","passed","Fri Oct 09 22:29:52 UTC 2026","","com.lop.budget.domain.usecase.transaction.SoftDeleteTransactionOccurrenceUseCaseTest","com.lop.budget.domain.usecase.transaction.SoftDeleteTransactionOccurrenceUseCaseTest",""
"","21","R-02 montant - given A observe when TX-PAYEE passe de 2000 a 3000 then A 7000 et total 5000","","Fri Oct 09 22:29:52 UTC 2026","passed","Fri Oct 09 22:29:52 UTC 2026","","com.lop.budget.ui.screens.accounts.AccountsObservationRoomTest","com.lop.budget.ui.screens.accounts.AccountsObservationRoomTest",""
"","3","V-11 - Preselection premier compte","","Fri Oct 09 22:29:55 UTC 2026","passed","Fri Oct 09 22:29:55 UTC 2026","","com.lop.budget.ui.screens.transaction.TransactionEditViewModelTest","com.lop.budget.ui.screens.transaction.TransactionEditViewModelTest",""
"","6","A-04 - confirmEdit exception deplacee sans nouvelle date - date d affichage conservee","","Fri Oct 09 22:29:52 UTC 2026","passed","Fri Oct 09 22:29:52 UTC 2026","","com.lop.budget.ui.common.TransactionActionViewModelEditMappingTest","com.lop.budget.ui.common.TransactionActionViewModelEditMappingTest",""
"","7","S-11 - occurrence de serie - exception creee, aucune ecriture serie","","Fri Oct 09 22:29:48 UTC 2026","passed","Fri Oct 09 22:29:48 UTC 2026","","com.lop.budget.domain.usecase.transaction.EditTransactionWithScopeUseCaseTest","com.lop.budget.domain.usecase.transaction.EditTransactionWithScopeUseCaseTest",""
"","2","given des devises avec et sans pays when flag then drapeau attendu ou substitut neutre","","Fri Oct 09 22:29:45 UTC 2026","passed","Fri Oct 09 22:29:45 UTC 2026","","com.lop.budget.domain.model.CurrencyCatalogTest","com.lop.budget.domain.model.CurrencyCatalogTest",""
"","233","given aucune preference when lue then EUR expose et rien ecrit","","Fri Oct 09 22:29:39 UTC 2026","passed","Fri Oct 09 22:29:39 UTC 2026","","com.lop.budget.data.repository.CurrencyPreferenceTest","com.lop.budget.data.repository.CurrencyPreferenceTest",""
"","1","T-01b - Given identifiant inconnu de la boite de reception - When onAccept - Then aucun effet et aucune ecriture (CA-16)","","Fri Oct 09 22:29:54 UTC 2026","passed","Fri Oct 09 22:29:54 UTC 2026","","com.lop.budget.ui.screens.detected.DetectedInboxTest","com.lop.budget.ui.screens.detected.DetectedInboxTest",""
"","6","D-02 - Given edition de CPT-EDITE - When sauvegarde sans correction - Then derniere correction inchangee","","Fri Oct 09 22:29:54 UTC 2026","passed","Fri Oct 09 22:29:54 UTC 2026","","com.lop.budget.ui.screens.manage.AccountFormRulesTest","com.lop.budget.ui.screens.manage.AccountFormRulesTest",""
"","35","C-03 - Given une parente revenu - When on cree une depense sous elle - Then refus ParentTypeMismatch et rien n'est ecrit (CA-10, I-5)","","Fri Oct 09 22:29:46 UTC 2026","passed","Fri Oct 09 22:29:46 UTC 2026","","com.lop.budget.domain.usecase.category.CategoryCrudPersistenceTest","com.lop.budget.domain.usecase.category.CategoryCrudPersistenceTest",""
"","5","S-09 - Given non-linked transaction, When soft deleted, Then no sync call occurs","","Fri Oct 09 22:29:52 UTC 2026","passed","Fri Oct 09 22:29:52 UTC 2026","","com.lop.budget.domain.usecase.transaction.SoftDeleteTransactionOccurrenceUseCaseTest","com.lop.budget.domain.usecase.transaction.SoftDeleteTransactionOccurrenceUseCaseTest",""
"","54","given des codes hors catalogue when setCurrency then aucune ecriture","","Fri Oct 09 22:29:39 UTC 2026","passed","Fri Oct 09 22:29:39 UTC 2026","","com.lop.budget.data.repository.CurrencyPreferenceTest","com.lop.budget.data.repository.CurrencyPreferenceTest",""
"","9","T-05 - Given le domaine en erreur, When modification rapide de la date, Then le verrou retombe, l'erreur est exposee et l'ancienne valeur reste","","Fri Oct 09 22:29:54 UTC 2026","passed","Fri Oct 09 22:29:54 UTC 2026","","com.lop.budget.ui.screens.detail.TransactionDetailQuickEditTest","com.lop.budget.ui.screens.detail.TransactionDetailQuickEditTest",""
"","0","givenWindowBoundsExactlyOnSlots_whenGenerateOccurrences_thenBothBoundsAreIncluded_F01","","Fri Oct 09 22:29:45 UTC 2026","passed","Fri Oct 09 22:29:45 UTC 2026","","com.lop.budget.domain.RecurrenceEngineBoundsTest","com.lop.budget.domain.RecurrenceEngineBoundsTest",""
"","30","C-08 - Given series linked to debt, When cancelled, Then debt sync follows writes","","Fri Oct 09 22:29:48 UTC 2026","passed","Fri Oct 09 22:29:48 UTC 2026","","com.lop.budget.domain.usecase.transaction.CancelRecurringSeriesUseCaseTest","com.lop.budget.domain.usecase.transaction.CancelRecurringSeriesUseCaseTest",""
"","6","V-05 - given SINGLE charge, when note modifiee puis save, then aucune prelecture et une ecriture Edit SINGLE","","Fri Oct 09 22:29:56 UTC 2026","passed","Fri Oct 09 22:29:56 UTC 2026","","com.lop.budget.ui.screens.transaction.TransactionMissingDayDecisionTest","com.lop.budget.ui.screens.transaction.TransactionMissingDayDecisionTest",""
"","1","given texte blank sans filtre ni date when recherche then liste vide et pas null","","Fri Oct 09 22:29:51 UTC 2026","passed","Fri Oct 09 22:29:51 UTC 2026","","com.lop.budget.domain.usecase.transaction.SearchTransactionsTextTest","com.lop.budget.domain.usecase.transaction.SearchTransactionsTextTest",""
"","37","R-10 - desactiver le toggle retire le compte du total sans toucher son solde","","Fri Oct 09 22:29:46 UTC 2026","passed","Fri Oct 09 22:29:46 UTC 2026","","com.lop.budget.domain.usecase.account.ObserveAccountBalancesRulesRoomTest","com.lop.budget.domain.usecase.account.ObserveAccountBalancesRulesRoomTest",""
"","60","T-09 - given des lignes decidees par le domaine - when le ViewModel du compte expose son etat - then il les relaie sans les transformer","","Fri Oct 09 22:29:53 UTC 2026","passed","Fri Oct 09 22:29:53 UTC 2026","","com.lop.budget.ui.screens.accounts.AdjustmentRestrictionsTest","com.lop.budget.ui.screens.accounts.AdjustmentRestrictionsTest",""
"","37","E-11 - Given ALL edition on title only, When january has custom amount, Then january amount is preserved","","Fri Oct 09 22:29:43 UTC 2026","passed","Fri Oct 09 22:29:43 UTC 2026","","com.lop.budget.data.repository.RecurringEditionRepositoryTest","com.lop.budget.data.repository.RecurringEditionRepositoryTest",""
"","62","T-09a - given le jeu complet when on supprime A-AJ1 then seul son ecart quitte les soldes","","Fri Oct 09 22:29:37 UTC 2026","passed","Fri Oct 09 22:29:37 UTC 2026","","com.lop.budget.data.repository.AdjustmentVisibilityRoomTest","com.lop.budget.data.repository.AdjustmentVisibilityRoomTest",""
"","0","B-07 - 1234 centimes se relit 12 euros 34","","Fri Oct 09 22:29:57 UTC 2026","passed","Fri Oct 09 22:29:57 UTC 2026","","com.lop.budget.util.MoneyBoundaryTest","com.lop.budget.util.MoneyBoundaryTest",""
"","42","P-06 - Given an exception displayed after the pivot, When future cancellation from february, Then it is deleted","","Fri Oct 09 22:29:42 UTC 2026","passed","Fri Oct 09 22:29:42 UTC 2026","","com.lop.budget.data.repository.RecurringDeletionRepositoryTest","com.lop.budget.data.repository.RecurringDeletionRepositoryTest",""
"","6","A-09 - Given erreurs affichees - When le champ fautif est corrige - Then seule son erreur disparait (CA-04)","","Fri Oct 09 22:29:55 UTC 2026","passed","Fri Oct 09 22:29:55 UTC 2026","","com.lop.budget.ui.screens.transaction.TransactionEditViewModelCreateTest","com.lop.budget.ui.screens.transaction.TransactionEditViewModelCreateTest",""
"","177","S-21 - ALL sans changement de date - updateSeries entier et overlay consultee","","Fri Oct 09 22:29:48 UTC 2026","passed","Fri Oct 09 22:29:48 UTC 2026","","com.lop.budget.domain.usecase.transaction.EditTransactionWithScopeUseCaseTest","com.lop.budget.domain.usecase.transaction.EditTransactionWithScopeUseCaseTest",""
"","4","I-04 - Given BANQUE-A selectionnee - When choix d'une icone - Then icone choisie et banque inchangee","","Fri Oct 09 22:29:54 UTC 2026","passed","Fri Oct 09 22:29:54 UTC 2026","","com.lop.budget.ui.screens.manage.AccountFormRulesTest","com.lop.budget.ui.screens.manage.AccountFormRulesTest",""
"","12","C-05 - Given FUTURE mode, Then compares full entity with discriminant goalId","","Fri Oct 09 22:29:48 UTC 2026","passed","Fri Oct 09 22:29:48 UTC 2026","","com.lop.budget.domain.usecase.transaction.CancelRecurringSeriesUseCaseTest","com.lop.budget.domain.usecase.transaction.CancelRecurringSeriesUseCaseTest",""
"","29","R-05b - Given the punctual dataset without any tag, When CreateTransactionUseCase runs, Then zero cross-ref is persisted and the save still succeeds","","Fri Oct 09 22:29:38 UTC 2026","passed","Fri Oct 09 22:29:38 UTC 2026","","com.lop.budget.data.repository.CreateTransactionRepositoryTest","com.lop.budget.data.repository.CreateTransactionRepositoryTest",""
"","24","N-01 - une serie non materialisee est trouvable en quatre occurrences virtuelles","","Fri Oct 09 22:29:51 UTC 2026","passed","Fri Oct 09 22:29:51 UTC 2026","","com.lop.budget.domain.usecase.transaction.SearchTransactionsRoomTest","com.lop.budget.domain.usecase.transaction.SearchTransactionsRoomTest",""
"","30","given un formulaire pre rempli non modifie when la transaction est enregistree then elle porte la date et l heure de paiement de la detection","","Fri Oct 09 22:29:50 UTC 2026","passed","Fri Oct 09 22:29:50 UTC 2026","","com.lop.budget.domain.usecase.transaction.ProposalDetectionDateTest","com.lop.budget.domain.usecase.transaction.ProposalDetectionDateTest",""
"","3","S-04b - Given ID negative but seriesDate missing, When invoked, Then no-op","","Fri Oct 09 22:29:52 UTC 2026","passed","Fri Oct 09 22:29:52 UTC 2026","","com.lop.budget.domain.usecase.transaction.SoftDeleteTransactionOccurrenceUseCaseTest","com.lop.budget.domain.usecase.transaction.SoftDeleteTransactionOccurrenceUseCaseTest",""
"","4","V-01b - given S1 seul et devise muette when on libere EUR then Loading jusque-la puis Loaded A, B, C total 8000","","Fri Oct 09 22:29:53 UTC 2026","passed","Fri Oct 09 22:29:53 UTC 2026","","com.lop.budget.ui.screens.accounts.AccountsStateTest","com.lop.budget.ui.screens.accounts.AccountsStateTest",""
"","24","T-06 - Given le detail de TX-MARS, When on ouvre puis ferme l'observation sans agir, Then la base est strictement inchangee","","Fri Oct 09 22:29:44 UTC 2026","passed","Fri Oct 09 22:29:44 UTC 2026","","com.lop.budget.data.repository.TransactionDetailQuickEditPersistenceTest","com.lop.budget.data.repository.TransactionDetailQuickEditPersistenceTest",""
"","0","givenIncomeSeries_whenGenerateOccurrences_thenAllFieldsAndDatesMatchIncomeFixture_G14","","Fri Oct 09 22:29:45 UTC 2026","passed","Fri Oct 09 22:29:45 UTC 2026","","com.lop.budget.domain.RecurrenceEngineGridTest","com.lop.budget.domain.RecurrenceEngineGridTest",""
"","26","R-02a - given 28 fevrier et 31 mars supprimes, when apercu, then 30 avril, 31 mai et 30 juin","","Fri Oct 09 22:29:51 UTC 2026","passed","Fri Oct 09 22:29:51 UTC 2026","","com.lop.budget.domain.usecase.transaction.RecurringOccurrencesContractRoomTest","com.lop.budget.domain.usecase.transaction.RecurringOccurrencesContractRoomTest",""
"","13","V-03 - Given banque saisie - When passage au type Especes - Then champ masque et etablissement nul transmis","","Fri Oct 09 22:29:54 UTC 2026","passed","Fri Oct 09 22:29:54 UTC 2026","","com.lop.budget.ui.screens.manage.AccountFormRulesTest","com.lop.budget.ui.screens.manage.AccountFormRulesTest",""
"","38","R-01d - given A finie le 31 janvier, when apercu depuis T0, then liste vide et non null","","Fri Oct 09 22:29:51 UTC 2026","passed","Fri Oct 09 22:29:51 UTC 2026","","com.lop.budget.domain.usecase.transaction.RecurringOccurrencesContractRoomTest","com.lop.budget.domain.usecase.transaction.RecurringOccurrencesContractRoomTest",""
"","23","given une date pre remplie modifiee a la main when la transaction est enregistree then la date saisie est persistee","","Fri Oct 09 22:29:50 UTC 2026","passed","Fri Oct 09 22:29:50 UTC 2026","","com.lop.budget.domain.usecase.transaction.ProposalDetectionDateTest","com.lop.budget.domain.usecase.transaction.ProposalDetectionDateTest",""
"","6","V-07 ecriture suspendue - given confirmation, when save double pendant l'ecriture, then une seule ecriture et un seul callback","","Fri Oct 09 22:29:56 UTC 2026","passed","Fri Oct 09 22:29:56 UTC 2026","","com.lop.budget.ui.screens.transaction.TransactionMissingDayDecisionTest","com.lop.budget.ui.screens.transaction.TransactionMissingDayDecisionTest",""
"","6","S-02 - Given materialized recurring exception, When invoked, Then it reads before soft deleting","","Fri Oct 09 22:29:52 UTC 2026","passed","Fri Oct 09 22:29:52 UTC 2026","","com.lop.budget.domain.usecase.transaction.SoftDeleteTransactionOccurrenceUseCaseTest","com.lop.budget.domain.usecase.transaction.SoftDeleteTransactionOccurrenceUseCaseTest",""
"","272","F-07 - Given Alimentation qui a une sous-categorie - When on tente le type revenu - Then type verrouille et parent masque (CA-12, I-6)","","Fri Oct 09 22:29:53 UTC 2026","passed","Fri Oct 09 22:29:54 UTC 2026","","com.lop.budget.ui.screens.category.CategoryViewModelTest","com.lop.budget.ui.screens.category.CategoryViewModelTest",""
"","0","givenYearlySeriesInterval1_whenGenerateOccurrences_thenReturns3ExpectedDates_G09","","Fri Oct 09 22:29:45 UTC 2026","passed","Fri Oct 09 22:29:45 UTC 2026","","com.lop.budget.domain.RecurrenceEngineGridTest","com.lop.budget.domain.RecurrenceEngineGridTest",""
"","35","R-13 - desarchiver un compte le reintegre au total","","Fri Oct 09 22:29:46 UTC 2026","passed","Fri Oct 09 22:29:46 UTC 2026","","com.lop.budget.domain.usecase.account.ObserveAccountBalancesRulesRoomTest","com.lop.budget.domain.usecase.account.ObserveAccountBalancesRulesRoomTest",""
"","3","given texte partiel du nom d un tag when recherche then exactement la ligne qui le porte","","Fri Oct 09 22:29:51 UTC 2026","passed","Fri Oct 09 22:29:51 UTC 2026","","com.lop.budget.domain.usecase.transaction.SearchTransactionsTextTest","com.lop.budget.domain.usecase.transaction.SearchTransactionsTextTest",""
"","0","G-05 intervalle 2 limite 3 - given M31 janvier mars mai, when detection, then null quel que soit le choix","","Fri Oct 09 22:29:45 UTC 2026","passed","Fri Oct 09 22:29:45 UTC 2026","","com.lop.budget.domain.RecurrenceMissingDayTest","com.lop.budget.domain.RecurrenceMissingDayTest",""
"","0","givenMonthlySeriesStartedOn31st_whenWindowStartsAfterTheClampedMonth_thenAnchorIsPreserved_F04bis","","Fri Oct 09 22:29:45 UTC 2026","passed","Fri Oct 09 22:29:45 UTC 2026","","com.lop.budget.domain.RecurrenceEngineBoundsTest","com.lop.budget.domain.RecurrenceEngineBoundsTest",""
"","37","given deux propositions ecrites when la base est fermee puis rouverte then elles sont relues a l identique","","Fri Oct 09 22:29:42 UTC 2026","passed","Fri Oct 09 22:29:42 UTC 2026","","com.lop.budget.data.repository.ProposalPersistenceTest","com.lop.budget.data.repository.ProposalPersistenceTest",""
"","5","W-07b - Sans lien - aucun recalcul","","Fri Oct 09 22:29:48 UTC 2026","passed","Fri Oct 09 22:29:48 UTC 2026","","com.lop.budget.domain.usecase.transaction.CreateAndSaveTransactionUseCaseTest","com.lop.budget.domain.usecase.transaction.CreateAndSaveTransactionUseCaseTest",""
"","2","given_paiement_samsung_carte_dans_le_titre_when_parse_then_carte_et_libelle_separes","","Fri Oct 09 22:29:52 UTC 2026","passed","Fri Oct 09 22:29:52 UTC 2026","","com.lop.budget.notifications.PaymentParsingTest","com.lop.budget.notifications.PaymentParsingTest",""
"","23","R-08b - given S31 passee a sauter avant toute lecture, when nouvelle liste, then 31 janvier, 31 mars, 31 mai","","Fri Oct 09 22:29:50 UTC 2026","passed","Fri Oct 09 22:29:50 UTC 2026","","com.lop.budget.domain.usecase.transaction.RecurringMissingDayRoomTest","com.lop.budget.domain.usecase.transaction.RecurringMissingDayRoomTest",""
"","21","given une detection a la derniere minute du 28 fevrier when elle est enregistree deux semaines plus tard then le jour calendaire reste celui de la detection","","Fri Oct 09 22:29:50 UTC 2026","passed","Fri Oct 09 22:29:50 UTC 2026","","com.lop.budget.domain.usecase.transaction.ProposalDetectionDateTest","com.lop.budget.domain.usecase.transaction.ProposalDetectionDateTest",""
"","35","R-07 - given le contexte ouvert, when T0 supprimee puis 28 fevrier a 99000, then ancre T0 et serie A","","Fri Oct 09 22:29:51 UTC 2026","passed","Fri Oct 09 22:29:51 UTC 2026","","com.lop.budget.domain.usecase.transaction.RecurringOccurrencesContractRoomTest","com.lop.budget.domain.usecase.transaction.RecurringOccurrencesContractRoomTest",""
"","4","M-11 - Confirm recurring with choice null should call nothing","","Fri Oct 09 22:29:52 UTC 2026","passed","Fri Oct 09 22:29:52 UTC 2026","","com.lop.budget.ui.common.TC_33_ContextualDeletionMappingTest","com.lop.budget.ui.common.TC_33_ContextualDeletionMappingTest",""
"","38","E-16 - Given SINGLE edition with frequency NONE, When executed, Then series is NOT truncated","","Fri Oct 09 22:29:43 UTC 2026","passed","Fri Oct 09 22:29:43 UTC 2026","","com.lop.budget.data.repository.RecurringEditionRepositoryTest","com.lop.budget.data.repository.RecurringEditionRepositoryTest",""
"","42","E-14c - Given ALL edition, When applied, Then series B and punctual remain untouched","","Fri Oct 09 22:29:43 UTC 2026","passed","Fri Oct 09 22:29:43 UTC 2026","","com.lop.budget.data.repository.RecurringEditionRepositoryTest","com.lop.budget.data.repository.RecurringEditionRepositoryTest",""
"","0","B-03 - une saisie negative garde son signe","","Fri Oct 09 22:29:57 UTC 2026","passed","Fri Oct 09 22:29:57 UTC 2026","","com.lop.budget.util.MoneyBoundaryTest","com.lop.budget.util.MoneyBoundaryTest",""
"","83","given une creance existante when on tente de la passer en dette then la mise a jour est refusee sans rien ecrire","","Fri Oct 09 22:29:41 UTC 2026","passed","Fri Oct 09 22:29:41 UTC 2026","","com.lop.budget.data.repository.GoalLoanModelPersistenceTest","com.lop.budget.data.repository.GoalLoanModelPersistenceTest",""
"","1","M-03 - requestConfirmation sets pendingConfirmation","","Fri Oct 09 22:29:52 UTC 2026","passed","Fri Oct 09 22:29:52 UTC 2026","","com.lop.budget.ui.common.TC_33_ContextualDeletionMappingTest","com.lop.budget.ui.common.TC_33_ContextualDeletionMappingTest",""
"","0","S-18 - Given R20 puis R10 dans l'ordre inverse - When calculateBalances - Then toujours 30","","Fri Oct 09 22:29:44 UTC 2026","passed","Fri Oct 09 22:29:44 UTC 2026","","com.lop.budget.domain.BalanceEngineRulesTest","com.lop.budget.domain.BalanceEngineRulesTest",""
"","0","S-17 - Given aucun compte - When calculateBalances - Then map vide","","Fri Oct 09 22:29:44 UTC 2026","passed","Fri Oct 09 22:29:44 UTC 2026","","com.lop.budget.domain.BalanceEngineRulesTest","com.lop.budget.domain.BalanceEngineRulesTest",""
"","8","I-09 - Given recherche d'icone sans resultat - When sauvegarde - Then icone courante transmise","","Fri Oct 09 22:29:54 UTC 2026","passed","Fri Oct 09 22:29:54 UTC 2026","","com.lop.budget.ui.screens.manage.AccountFormRulesTest","com.lop.budget.ui.screens.manage.AccountFormRulesTest",""
"","13","W-03 - Creation recurrente - serie seule, aucune materialisation, statut ignore","","Fri Oct 09 22:29:48 UTC 2026","passed","Fri Oct 09 22:29:48 UTC 2026","","com.lop.budget.domain.usecase.transaction.CreateAndSaveTransactionUseCaseTest","com.lop.budget.domain.usecase.transaction.CreateAndSaveTransactionUseCaseTest",""
"","58","given une contribution rattachee a l objectif when la progression est relue then elle additionne sans diviser","","Fri Oct 09 22:29:41 UTC 2026","passed","Fri Oct 09 22:29:41 UTC 2026","","com.lop.budget.data.repository.GoalLoanModelPersistenceTest","com.lop.budget.data.repository.GoalLoanModelPersistenceTest",""
"","8","F-12 - Given une mise a jour refusee par le use case - When on enregistre - Then isSaving revient a faux et aucun callback","","Fri Oct 09 22:29:53 UTC 2026","passed","Fri Oct 09 22:29:53 UTC 2026","","com.lop.budget.ui.screens.category.CategoryViewModelTest","com.lop.budget.ui.screens.category.CategoryViewModelTest",""
"","7","M-01d - given Revenus mars when on ouvre l'analyse then Tous sans categorie et bornes du mois de 00h00 000 a 23h59 999","","Fri Oct 09 22:29:54 UTC 2026","failed","Fri Oct 09 22:29:54 UTC 2026","","com.lop.budget.ui.screens.monthly.MonthlyAnalysisStateTest","com.lop.budget.ui.screens.monthly.MonthlyAnalysisStateTest",""
"","0","given quatre devises when currencySymbol then symbole non vide en locale francaise","","Fri Oct 09 22:29:57 UTC 2026","passed","Fri Oct 09 22:29:57 UTC 2026","","com.lop.budget.util.CurrencyFormattingTest","com.lop.budget.util.CurrencyFormattingTest",""
"","167","C-03 - Given existing series, When invoked in ALL mode, Then it cancels and deletes in order","","Fri Oct 09 22:29:48 UTC 2026","passed","Fri Oct 09 22:29:48 UTC 2026","","com.lop.budget.domain.usecase.transaction.CancelRecurringSeriesUseCaseTest","com.lop.budget.domain.usecase.transaction.CancelRecurringSeriesUseCaseTest",""
"","63","R-03 dernier jour - given S31, when FUTURE sur le 28 fevrier date inchangee, then nouvelle serie ancree au 31, calendrier 28 fevrier, 31 mars, 30 avril, 31 mai","","Fri Oct 09 22:29:50 UTC 2026","passed","Fri Oct 09 22:29:50 UTC 2026","","com.lop.budget.domain.usecase.transaction.RecurringMissingDayRoomTest","com.lop.budget.domain.usecase.transaction.RecurringMissingDayRoomTest",""
"","77","T-04c - given une observation deja ouverte when un ajustement est insere then l emission suivante est identique","","Fri Oct 09 22:29:37 UTC 2026","passed","Fri Oct 09 22:29:37 UTC 2026","","com.lop.budget.data.repository.AdjustmentVisibilityRoomTest","com.lop.budget.data.repository.AdjustmentVisibilityRoomTest",""
"","14","V-03a - given mars puis avril demandes, when reponses tardives et clic pendant Loading, then avril seul et rien d'ouvert","","Fri Oct 09 22:29:53 UTC 2026","passed","Fri Oct 09 22:29:53 UTC 2026","","com.lop.budget.ui.screens.calendar.SeriesCalendarViewModelTest","com.lop.budget.ui.screens.calendar.SeriesCalendarViewModelTest",""
"","24","R-03b - given les memes instants, when mars en UTC, then b2 puis b4 le 31","","Fri Oct 09 22:29:51 UTC 2026","passed","Fri Oct 09 22:29:51 UTC 2026","","com.lop.budget.domain.usecase.transaction.RecurringOccurrencesContractRoomTest","com.lop.budget.domain.usecase.transaction.RecurringOccurrencesContractRoomTest",""
"","5","V-04 - SavedStateHandle date = -1 est ignore","","Fri Oct 09 22:29:55 UTC 2026","passed","Fri Oct 09 22:29:55 UTC 2026","","com.lop.budget.ui.screens.transaction.TransactionEditViewModelTest","com.lop.budget.ui.screens.transaction.TransactionEditViewModelTest",""
"","0","givenExpenseSeries_whenGenerateOccurrences_thenAllFieldsMatchFixture_G13","","Fri Oct 09 22:29:45 UTC 2026","passed","Fri Oct 09 22:29:45 UTC 2026","","com.lop.budget.domain.RecurrenceEngineGridTest","com.lop.budget.domain.RecurrenceEngineGridTest",""
"","7","given une notification jugee incertaine when elle est traitee then la proposition est ecrite sans avertir","","Fri Oct 09 22:29:47 UTC 2026","passed","Fri Oct 09 22:29:47 UTC 2026","","com.lop.budget.domain.usecase.detection.HandlePaymentNotificationTest","com.lop.budget.domain.usecase.detection.HandlePaymentNotificationTest",""
"","56","M-04 - Given six transactions en v21 - When migration 21 vers 22 - Then les six survivent et linkedDebtId devient linkedLoanId (CA-09)","","Fri Oct 09 22:29:28 UTC 2026","passed","Fri Oct 09 22:29:28 UTC 2026","","com.lop.budget.data.local.GoalLoanMigrationTest","com.lop.budget.data.local.GoalLoanMigrationTest",""
"","45","L-09 - les ecritures Room actualisent les observations ouvertes sans reabonnement","","Fri Oct 09 22:29:49 UTC 2026","passed","Fri Oct 09 22:29:49 UTC 2026","","com.lop.budget.domain.usecase.transaction.ObserveTransactionsRoomTest","com.lop.budget.domain.usecase.transaction.ObserveTransactionsRoomTest",""
"","1","givenWeeklyEveryTwoWeeksWithMax3_whenWindowStartsAfterFirstWeek_thenReturnsOnlyJan19_B09","","Fri Oct 09 22:29:45 UTC 2026","passed","Fri Oct 09 22:29:45 UTC 2026","","com.lop.budget.domain.RecurrenceEngineBoundsTest","com.lop.budget.domain.RecurrenceEngineBoundsTest",""
"","11","S-22 - ALL avec changement de date - startDate = edition date tel quel","","Fri Oct 09 22:29:48 UTC 2026","passed","Fri Oct 09 22:29:48 UTC 2026","","com.lop.budget.domain.usecase.transaction.EditTransactionWithScopeUseCaseTest","com.lop.budget.domain.usecase.transaction.EditTransactionWithScopeUseCaseTest",""
"","6","V-08 - performSave en creation - Mapping exhaustif","","Fri Oct 09 22:29:55 UTC 2026","passed","Fri Oct 09 22:29:55 UTC 2026","","com.lop.budget.ui.screens.transaction.TransactionEditViewModelTest","com.lop.budget.ui.screens.transaction.TransactionEditViewModelTest",""
"","37","S-03 - Given CPT-COURANT supprime - When lecture non filtree de mars - Then operations detachees toujours presentes","","Fri Oct 09 22:29:45 UTC 2026","passed","Fri Oct 09 22:29:45 UTC 2026","","com.lop.budget.domain.usecase.account.AccountPersistenceTest","com.lop.budget.domain.usecase.account.AccountPersistenceTest",""
"","18","R-10 mars a mai - given S31 sauter limite 4, when liste, then 31 mars seul, rien en base","","Fri Oct 09 22:29:50 UTC 2026","passed","Fri Oct 09 22:29:50 UTC 2026","","com.lop.budget.domain.usecase.transaction.RecurringMissingDayRoomTest","com.lop.budget.domain.usecase.transaction.RecurringMissingDayRoomTest",""
"","35","E-09 - Given ALL edition without date change, When executed, Then series is updated in place","","Fri Oct 09 22:29:43 UTC 2026","passed","Fri Oct 09 22:29:43 UTC 2026","","com.lop.budget.data.repository.RecurringEditionRepositoryTest","com.lop.budget.data.repository.RecurringEditionRepositoryTest",""
"","56","given un pret et un objectif supprimes when les rattachements sont joints then aucun ne designe une ligne absente","","Fri Oct 09 22:29:41 UTC 2026","passed","Fri Oct 09 22:29:41 UTC 2026","","com.lop.budget.data.repository.GoalLoanModelPersistenceTest","com.lop.budget.data.repository.GoalLoanModelPersistenceTest",""
"","18","R-02 creation - given A observe when une depense payee de 500 est inseree then A 7500 et total 5500","","Fri Oct 09 22:29:52 UTC 2026","passed","Fri Oct 09 22:29:52 UTC 2026","","com.lop.budget.ui.screens.accounts.AccountsObservationRoomTest","com.lop.budget.ui.screens.accounts.AccountsObservationRoomTest",""
"","6","given_paiement_sans_montant_when_parse_then_rejete_avec_motif","","Fri Oct 09 22:29:52 UTC 2026","passed","Fri Oct 09 22:29:52 UTC 2026","","com.lop.budget.notifications.PaymentParsingTest","com.lop.budget.notifications.PaymentParsingTest",""
"","0","B-01 - la virgule et le point decimal donnent les memes centimes","","Fri Oct 09 22:29:57 UTC 2026","passed","Fri Oct 09 22:29:57 UTC 2026","","com.lop.budget.util.MoneyBoundaryTest","com.lop.budget.util.MoneyBoundaryTest",""
"","6","A-01 - Given handle type EXPENSE et comptes non vides - When init - Then defauts d'ouverture coherents (CA-01)","","Fri Oct 09 22:29:55 UTC 2026","passed","Fri Oct 09 22:29:55 UTC 2026","","com.lop.budget.ui.screens.transaction.TransactionEditViewModelCreateTest","com.lop.budget.ui.screens.transaction.TransactionEditViewModelCreateTest",""
"","0","given une part et un tout en centimes when on formate la part then pourcentage a une decimale arrondi demi vers le haut[P-01 D-COURSES]","","Fri Oct 09 22:29:57 UTC 2026","passed","Fri Oct 09 22:29:57 UTC 2026","","com.lop.budget.util.AnalysisPercentTest","com.lop.budget.util.AnalysisPercentTest",""
"","4","V-03 - given S-EXCLUS when chargement reussi then A, B, C restent listes avec leurs soldes et le total vaut 0","","Fri Oct 09 22:29:53 UTC 2026","passed","Fri Oct 09 22:29:53 UTC 2026","","com.lop.budget.ui.screens.accounts.AccountsStateTest","com.lop.budget.ui.screens.accounts.AccountsStateTest",""
"","8","V-04d - given mars multiple, when E2 touchee et indisponible, then occurrence indisponible","","Fri Oct 09 22:29:53 UTC 2026","passed","Fri Oct 09 22:29:53 UTC 2026","","com.lop.budget.ui.screens.calendar.SeriesCalendarViewModelTest","com.lop.budget.ui.screens.calendar.SeriesCalendarViewModelTest",""
"","2","T-06 - Given proposition dont le montant n est pas convertible en centimes - When onAccept - Then refus explicite et aucune ecriture (CA-21, I-3)","","Fri Oct 09 22:29:54 UTC 2026","passed","Fri Oct 09 22:29:54 UTC 2026","","com.lop.budget.ui.screens.detected.DetectedInboxTest","com.lop.budget.ui.screens.detected.DetectedInboxTest",""
"","32","L-08 - la borne de fin de serie ne fait pas disparaitre une exception encore visible","","Fri Oct 09 22:29:49 UTC 2026","passed","Fri Oct 09 22:29:49 UTC 2026","","com.lop.budget.domain.usecase.transaction.ObserveTransactionsRoomTest","com.lop.budget.domain.usecase.transaction.ObserveTransactionsRoomTest",""
"","3","C-04 - Given ponctuel PLANNED - When invoke - Then statut PLANNED transmis sans paidAt","","Fri Oct 09 22:29:52 UTC 2026","passed","Fri Oct 09 22:29:52 UTC 2026","","com.lop.budget.domain.usecase.transaction.TC_82_CreateTransactionUseCaseCreateContractTest","com.lop.budget.domain.usecase.transaction.TC_82_CreateTransactionUseCaseCreateContractTest",""
"","4","W-06 - Tags - saveWithTags recoit l entite finale et la liste exacte","","Fri Oct 09 22:29:48 UTC 2026","passed","Fri Oct 09 22:29:48 UTC 2026","","com.lop.budget.domain.usecase.transaction.CreateAndSaveTransactionUseCaseTest","com.lop.budget.domain.usecase.transaction.CreateAndSaveTransactionUseCaseTest",""
"","6","M-02a - given F-ALL en depense when les deux lectures repondent then total -10000 trois lignes A 4000 0,4 et B 6000 0,6","","Fri Oct 09 22:29:54 UTC 2026","passed","Fri Oct 09 22:29:54 UTC 2026","","com.lop.budget.ui.screens.monthly.MonthlyAnalysisStateTest","com.lop.budget.ui.screens.monthly.MonthlyAnalysisStateTest",""
"","4","given_notification_vide_when_parse_then_rejete_avec_motif","","Fri Oct 09 22:29:52 UTC 2026","passed","Fri Oct 09 22:29:52 UTC 2026","","com.lop.budget.notifications.PaymentParsingTest","com.lop.budget.notifications.PaymentParsingTest",""
"","78","T-08a - given une transaction metier reecrite par le chemin d edition when on relit A-AJ1 then elle est intacte","","Fri Oct 09 22:29:37 UTC 2026","passed","Fri Oct 09 22:29:37 UTC 2026","","com.lop.budget.data.repository.AdjustmentVisibilityRoomTest","com.lop.budget.data.repository.AdjustmentVisibilityRoomTest",""
"","6","M-01f - given Revenus mars when on applique le seul 31 mars then bornes 31 mars 00h00 000 et 23h59 999","","Fri Oct 09 22:29:54 UTC 2026","failed","Fri Oct 09 22:29:54 UTC 2026","","com.lop.budget.ui.screens.monthly.MonthlyAnalysisStateTest","com.lop.budget.ui.screens.monthly.MonthlyAnalysisStateTest",""
"","2","given_promotion_when_parse_then_rejete_avec_motif","","Fri Oct 09 22:29:52 UTC 2026","passed","Fri Oct 09 22:29:52 UTC 2026","","com.lop.budget.notifications.PaymentParsingTest","com.lop.budget.notifications.PaymentParsingTest",""
"","0","S-16 - Given aucun compte - When calculateTotalBalance - Then 0 et pas null","","Fri Oct 09 22:29:44 UTC 2026","passed","Fri Oct 09 22:29:44 UTC 2026","","com.lop.budget.domain.BalanceEngineRulesTest","com.lop.budget.domain.BalanceEngineRulesTest",""
